Город,Общий стаж работы по специальности,Стаж на текущем месте работы,Специализация,Зарплата за последний месяц,Прибавка к зарплате,Размер компании,Стаж,Стаж на текущем месте работы,ЗП,,,,,
другой,3,1,Flex/Flash/AIR,100,,меньше 10 человек,"(1, 3]","(0.5, 1.5]",≤ 600,,,,,
Львов,4,3,PHP,100,400,меньше 10 человек,"(3, 7]","(1.5, 3]",≤ 600,,,,,
другой,6,4,Java,100,0,больше 200 человек,"(3, 7]",> 3,≤ 600,,,,,
другой,1,0.5,PHP,173.75,250,меньше 10 человек,≤ 1,≤ 0.5,≤ 600,,,,,
другой,6,3,C#/.NET,190,200,10 - 50 человек,"(3, 7]","(1.5, 3]",≤ 600,,,,,
Харьков,0.25,0.25,Java,200,300,50 - 200 человек,≤ 1,≤ 0.5,≤ 600,,,,,
другой,3,0.5,Java,200,100,меньше 10 человек,"(1, 3]",≤ 0.5,≤ 600,,,,,
Киев,3,2,Java,200,150,10 - 50 человек,"(1, 3]","(1.5, 3]",≤ 600,,,,,
другой,5,2,Project manager,200,0,10 - 50 человек,"(3, 7]","(1.5, 3]",≤ 600,,,,,
Львов,1,0.3,PHP,220,400,10 - 50 человек,≤ 1,≤ 0.5,≤ 600,,,,,
другой,0,0,C#/.NET,250,250,50 - 200 человек,≤ 1,≤ 0.5,≤ 600,,,,,
Киев,0.8,0.1,PHP,250,375,меньше 10 человек,≤ 1,≤ 0.5,≤ 600,,,,,
другой,0.5,0.5,PHP,250,250,10 - 50 человек,≤ 1,≤ 0.5,≤ 600,,,,,
другой,1,1,Python,250,250,больше 200 человек,≤ 1,"(0.5, 1.5]",≤ 600,,,,,
другой,3,2,HTML/CSS/JavaScript,250,250,меньше 10 человек,"(1, 3]","(1.5, 3]",≤ 600,,,,,
Харьков,3,3,PHP,260,100,больше 200 человек,"(1, 3]","(1.5, 3]",≤ 600,,,,,
другой,0,0.1,Java,300,,50 - 200 человек,≤ 1,≤ 0.5,≤ 600,,,,,
Киев,1,0.2,Java,300,200,50 - 200 человек,≤ 1,≤ 0.5,≤ 600,,,,,
Львов,0.25,0.25,Java,300,300,больше 200 человек,≤ 1,≤ 0.5,≤ 600,,,,,
Харьков,0.3,0.3,Mobile,300,200,50 - 200 человек,≤ 1,≤ 0.5,≤ 600,,,,,
Киев,1,0.4,C#/.NET,300,,больше 200 человек,≤ 1,≤ 0.5,≤ 600,,,,,
другой,0.5,0.5,C#/.NET,300,300,10 - 50 человек,≤ 1,≤ 0.5,≤ 600,,,,,
Харьков,0.5,0.5,QA/Testing,300,300,50 - 200 человек,≤ 1,≤ 0.5,≤ 600,,,,,
другой,0.5,0.5,Java,300,100,меньше 10 человек,≤ 1,≤ 0.5,≤ 600,,,,,
другой,2,0.7,Java,300,250,меньше 10 человек,"(1, 3]","(0.5, 1.5]",≤ 600,,,,,
Львов,3,3,QA/Testing,300,100,больше 200 человек,"(1, 3]","(1.5, 3]",≤ 600,,,,,
Киев,10,3,C#/.NET,300,50,50 - 200 человек,> 7,"(1.5, 3]",≤ 600,,,,,
другой,3,2,PHP,310,150,меньше 10 человек,"(1, 3]","(1.5, 3]",≤ 600,,,,,
другой,2,2,Oracle,325,500,больше 200 человек,"(1, 3]","(1.5, 3]",≤ 600,,,,,
Харьков,0.25,0.25,Ruby/Rails,350,350,10 - 50 человек,≤ 1,≤ 0.5,≤ 600,,,,,
Харьков,2.5,0.4,C#/.NET,350,150,10 - 50 человек,"(1, 3]",≤ 0.5,≤ 600,,,,,
Харьков,0.5,0.5,QA/Testing,350,150,50 - 200 человек,≤ 1,≤ 0.5,≤ 600,,,,,
Харьков,2,2,Oracle,350,120,меньше 10 человек,"(1, 3]","(1.5, 3]",≤ 600,,,,,
другой,3,3,Python,350,200,меньше 10 человек,"(1, 3]","(1.5, 3]",≤ 600,,,,,
другой,3.5,3.5,Python,350,200,меньше 10 человек,"(3, 7]",> 3,≤ 600,,,,,
другой,2,2,C#/.NET,370,100,больше 200 человек,"(1, 3]","(1.5, 3]",≤ 600,,,,,
другой,0.5,0.25,Java,375,300,10 - 50 человек,≤ 1,≤ 0.5,≤ 600,,,,,
Киев,0.6,0.6,PHP,375,250,меньше 10 человек,≤ 1,"(0.5, 1.5]",≤ 600,,,,,
Киев,1.5,1.5,QA/Testing,375,125,10 - 50 человек,"(1, 3]","(0.5, 1.5]",≤ 600,,,,,
другой,3.5,0.1,QA/Testing,400,300,меньше 10 человек,"(3, 7]",≤ 0.5,≤ 600,,,,,
другой,1,0.25,C#/.NET,400,300,50 - 200 человек,≤ 1,≤ 0.5,≤ 600,,,,,
другой,1,0.25,C++,400,400,10 - 50 человек,≤ 1,≤ 0.5,≤ 600,,,,,
Киев,0.3,0.3,Java,400,300,10 - 50 человек,≤ 1,≤ 0.5,≤ 600,,,,,
другой,1,0.3,C#/.NET,400,100,меньше 10 человек,≤ 1,≤ 0.5,≤ 600,,,,,
Львов,1,1,QA/Testing,400,150,больше 200 человек,≤ 1,"(0.5, 1.5]",≤ 600,,,,,
другой,2,1,C#/.NET,400,200,10 - 50 человек,"(1, 3]","(0.5, 1.5]",≤ 600,,,,,
Киев,3,1,Python,400,400,10 - 50 человек,"(1, 3]","(0.5, 1.5]",≤ 600,,,,,
другой,7,1,Flex/Flash/AIR,400,250,50 - 200 человек,> 7,"(0.5, 1.5]",≤ 600,,,,,
другой,2,1.5,PHP,400,200,меньше 10 человек,"(1, 3]","(0.5, 1.5]",≤ 600,,,,,
другой,3,2,Oracle,400,400,50 - 200 человек,"(1, 3]","(1.5, 3]",≤ 600,,,,,
Харьков,3,3,Oracle,400,625,больше 200 человек,"(1, 3]","(1.5, 3]",≤ 600,,,,,
другой,8,4,HTML/CSS/JavaScript,400,100,10 - 50 человек,> 7,> 3,≤ 600,,,,,
Киев,1,0.3,Embedded,412.5,400,больше 200 человек,≤ 1,≤ 0.5,≤ 600,,,,,
другой,1,1,PHP,425,250,меньше 10 человек,≤ 1,"(0.5, 1.5]",≤ 600,,,,,
Киев,1,0.25,HTML/CSS/JavaScript,437.5,250,10 - 50 человек,≤ 1,≤ 0.5,≤ 600,,,,,
другой,4,2,Project manager,437.5,250,10 - 50 человек,"(3, 7]","(1.5, 3]",≤ 600,,,,,
Киев,1,1,PHP,440,200,меньше 10 человек,≤ 1,"(0.5, 1.5]",≤ 600,,,,,
другой,5,5,C++,440,100,10 - 50 человек,"(3, 7]",> 3,≤ 600,,,,,
Харьков,0.75,0.75,Java,450,200,больше 200 человек,≤ 1,"(0.5, 1.5]",≤ 600,,,,,
Харьков,3,1,Ruby/Rails,450,400,больше 200 человек,"(1, 3]","(0.5, 1.5]",≤ 600,,,,,
другой,2,2,Java,450,350,10 - 50 человек,"(1, 3]","(1.5, 3]",≤ 600,,,,,
другой,7,3,QA/Testing,450,500,больше 200 человек,> 7,"(1.5, 3]",≤ 600,,,,,
другой,6,7,C++,450,500,10 - 50 человек,"(3, 7]",> 3,≤ 600,,,,,
Харьков,0,0,PHP,500,300,10 - 50 человек,≤ 1,≤ 0.5,≤ 600,,,,,
Киев,0.9,0.02,Objective-C,500,500,10 - 50 человек,≤ 1,≤ 0.5,≤ 600,,,,,
другой,2,0.2,PHP,500,300,меньше 10 человек,"(1, 3]",≤ 0.5,≤ 600,,,,,
Киев,1,0.4,Java,500,,меньше 10 человек,≤ 1,≤ 0.5,≤ 600,,,,,
Киев,0.5,0.5,QA/Testing,500,,10 - 50 человек,≤ 1,≤ 0.5,≤ 600,,,,,
другой,3,0.5,PHP,500,0,10 - 50 человек,"(1, 3]",≤ 0.5,≤ 600,,,,,
другой,6,0.5,HTML/CSS/JavaScript,500,200,меньше 10 человек,"(3, 7]",≤ 0.5,≤ 600,,,,,
Киев,1,1,HTML/CSS/JavaScript,500,200,10 - 50 человек,≤ 1,"(0.5, 1.5]",≤ 600,,,,,
Харьков,1,1,QA/Testing,500,500,10 - 50 человек,≤ 1,"(0.5, 1.5]",≤ 600,,,,,
другой,1,1,PHP,500,500,10 - 50 человек,≤ 1,"(0.5, 1.5]",≤ 600,,,,,
Львов,1.5,1,Java,500,300,больше 200 человек,"(1, 3]","(0.5, 1.5]",≤ 600,,,,,
Киев,3,1,QA/Testing,500,100,больше 200 человек,"(1, 3]","(0.5, 1.5]",≤ 600,,,,,
Харьков,5,1,C++,500,750,меньше 10 человек,"(3, 7]","(0.5, 1.5]",≤ 600,,,,,
Киев,5,1.3,PHP,500,500,10 - 50 человек,"(3, 7]","(0.5, 1.5]",≤ 600,,,,,
Харьков,1.5,1.5,Objective-C,500,300,10 - 50 человек,"(1, 3]","(0.5, 1.5]",≤ 600,,,,,
Львов,10,2,C++,500,1000,10 - 50 человек,> 7,"(1.5, 3]",≤ 600,,,,,
Киев,12,2,C#/.NET,500,300,меньше 10 человек,> 7,"(1.5, 3]",≤ 600,,,,,
другой,3,3,PHP,500,187.5,меньше 10 человек,"(1, 3]","(1.5, 3]",≤ 600,,,,,
другой,3,3,PHP,500,200,больше 200 человек,"(1, 3]","(1.5, 3]",≤ 600,,,,,
Харьков,5,3,Flex/Flash/AIR,500,250,меньше 10 человек,"(3, 7]","(1.5, 3]",≤ 600,,,,,
другой,6,3,PHP,500,500,10 - 50 человек,"(3, 7]","(1.5, 3]",≤ 600,,,,,
Харьков,4,4,PHP,500,500,больше 200 человек,"(3, 7]",> 3,≤ 600,,,,,
Харьков,2,2,C#/.NET,530,500,больше 200 человек,"(1, 3]","(1.5, 3]",≤ 600,,,,,
другой,3,0.8,PHP,550,400,50 - 200 человек,"(1, 3]","(0.5, 1.5]",≤ 600,,,,,
другой,10,8,C#/.NET,550,800,меньше 10 человек,> 7,> 3,≤ 600,,,,,
другой,2,1,PHP,560,400,меньше 10 человек,"(1, 3]","(0.5, 1.5]",≤ 600,,,,,
Киев,0.25,0.25,PHP,562.5,250,10 - 50 человек,≤ 1,≤ 0.5,≤ 600,,,,,
Харьков,1,0.5,Java,580,300,10 - 50 человек,≤ 1,≤ 0.5,≤ 600,,,,,
Харьков,0.5,0.25,C#/.NET,600,600,больше 200 человек,≤ 1,≤ 0.5,≤ 600,,,,,
Киев,0.8,0.3,Java,600,400,больше 200 человек,≤ 1,≤ 0.5,≤ 600,,,,,
другой,2.5,0.5,C#/.NET,600,200,меньше 10 человек,"(1, 3]",≤ 0.5,≤ 600,,,,,
Львов,1,1,Java,600,400,50 - 200 человек,≤ 1,"(0.5, 1.5]",≤ 600,,,,,
Харьков,1,1,PHP,600,200,меньше 10 человек,≤ 1,"(0.5, 1.5]",≤ 600,,,,,
другой,2,1,PHP,600,300,меньше 10 человек,"(1, 3]","(0.5, 1.5]",≤ 600,,,,,
другой,3,1,C++,600,400,больше 200 человек,"(1, 3]","(0.5, 1.5]",≤ 600,,,,,
Киев,3,1,C++,600,,меньше 10 человек,"(1, 3]","(0.5, 1.5]",≤ 600,,,,,
другой,6,1,PHP,600,200,меньше 10 человек,"(3, 7]","(0.5, 1.5]",≤ 600,,,,,
другой,7,1,Flex/Flash/AIR,600,600,меньше 10 человек,> 7,"(0.5, 1.5]",≤ 600,,,,,
Киев,2,1.2,C#/.NET,600,400,больше 200 человек,"(1, 3]","(0.5, 1.5]",≤ 600,,,,,
Харьков,2,2,PHP,600,200,меньше 10 человек,"(1, 3]","(1.5, 3]",≤ 600,,,,,
другой,2,2,C#/.NET,600,500,больше 200 человек,"(1, 3]","(1.5, 3]",≤ 600,,,,,
Харьков,2,2,Ruby/Rails,600,500,больше 200 человек,"(1, 3]","(1.5, 3]",≤ 600,,,,,
Киев,3,2,PHP,600,200,10 - 50 человек,"(1, 3]","(1.5, 3]",≤ 600,,,,,
Киев,5,2,PHP,600,187.5,меньше 10 человек,"(3, 7]","(1.5, 3]",≤ 600,,,,,
другой,5,2,Java,600,400,меньше 10 человек,"(3, 7]","(1.5, 3]",≤ 600,,,,,
другой,5,2,C++,600,250,меньше 10 человек,"(3, 7]","(1.5, 3]",≤ 600,,,,,
Харьков,2.5,2.5,Flex/Flash/AIR,600,100,больше 200 человек,"(1, 3]","(1.5, 3]",≤ 600,,,,,
Киев,3,2.5,C#/.NET,600,300,50 - 200 человек,"(1, 3]","(1.5, 3]",≤ 600,,,,,
другой,3,3,C++,600,600,10 - 50 человек,"(1, 3]","(1.5, 3]",≤ 600,,,,,
другой,5,3,Gamedev,600,187.5,меньше 10 человек,"(3, 7]","(1.5, 3]",≤ 600,,,,,
Львов,5,3,Python,600,400,меньше 10 человек,"(3, 7]","(1.5, 3]",≤ 600,,,,,
другой,12,2,Oracle,607,600,больше 200 человек,> 7,"(1.5, 3]",600-1200,,,,,
Киев,0.4,0.4,C#/.NET,625,375,10 - 50 человек,≤ 1,≤ 0.5,600-1200,,,,,
другой,5,0.4,PHP,625,375,50 - 200 человек,"(3, 7]",≤ 0.5,600-1200,,,,,
Харьков,1,0.5,QA/Testing,625,180,50 - 200 человек,≤ 1,≤ 0.5,600-1200,,,,,
другой,5,0.6,PHP,625,625,меньше 10 человек,"(3, 7]","(0.5, 1.5]",600-1200,,,,,
Харьков,1.5,1,QA/Testing,625,187.5,50 - 200 человек,"(1, 3]","(0.5, 1.5]",600-1200,,,,,
другой,7.5,2.5,PHP,625,500,50 - 200 человек,> 7,"(1.5, 3]",600-1200,,,,,
Львов,5,3,C#/.NET,625,250,больше 200 человек,"(3, 7]","(1.5, 3]",600-1200,,,,,
другой,8,5,Project manager,625,0,больше 200 человек,> 7,> 3,600-1200,,,,,
другой,0.25,0.25,C#/.NET,630,250,больше 200 человек,≤ 1,≤ 0.5,600-1200,,,,,
другой,2,1,PHP,650,250,50 - 200 человек,"(1, 3]","(0.5, 1.5]",600-1200,,,,,
Киев,4,1,PHP,650,650,меньше 10 человек,"(3, 7]","(0.5, 1.5]",600-1200,,,,,
Львов,2,2,C++,650,350,10 - 50 человек,"(1, 3]","(1.5, 3]",600-1200,,,,,
Харьков,2,2,C++,650,150,больше 200 человек,"(1, 3]","(1.5, 3]",600-1200,,,,,
Львов,4,3,Ruby/Rails,650,500,меньше 10 человек,"(3, 7]","(1.5, 3]",600-1200,,,,,
другой,16,4,C#/.NET,650,937.5,больше 200 человек,> 7,> 3,600-1200,,,,,
другой,5,2,PHP,670,150,меньше 10 человек,"(3, 7]","(1.5, 3]",600-1200,,,,,
Киев,0.8,0.8,Flex/Flash/AIR,680,400,10 - 50 человек,≤ 1,"(0.5, 1.5]",600-1200,,,,,
Киев,3,1,Oracle,687.5,250,меньше 10 человек,"(1, 3]","(0.5, 1.5]",600-1200,,,,,
Киев,3,1.5,QA/Testing,687.5,125,10 - 50 человек,"(1, 3]","(0.5, 1.5]",600-1200,,,,,
Киев,0.4,0.1,Objective-C,700,250,10 - 50 человек,≤ 1,≤ 0.5,600-1200,,,,,
Харьков,1,0.3,PHP,700,200,меньше 10 человек,≤ 1,≤ 0.5,600-1200,,,,,
другой,4,0.3,PHP,700,600,10 - 50 человек,"(3, 7]",≤ 0.5,600-1200,,,,,
другой,2,0.4,HTML/CSS/JavaScript,700,800,10 - 50 человек,"(1, 3]",≤ 0.5,600-1200,,,,,
Харьков,3,0.5,PHP,700,200,50 - 200 человек,"(1, 3]",≤ 0.5,600-1200,,,,,
Киев,4,0.5,Java,700,700,больше 200 человек,"(3, 7]",≤ 0.5,600-1200,,,,,
Львов,2,0.8,Objective-C,700,300,меньше 10 человек,"(1, 3]","(0.5, 1.5]",600-1200,,,,,
Харьков,2,0.8,C#/.NET,700,400,50 - 200 человек,"(1, 3]","(0.5, 1.5]",600-1200,,,,,
Киев,1,1,C#/.NET,700,700,10 - 50 человек,≤ 1,"(0.5, 1.5]",600-1200,,,,,
Киев,1,1,Java,700,400,50 - 200 человек,≤ 1,"(0.5, 1.5]",600-1200,,,,,
Киев,1,1,Java,700,500,больше 200 человек,≤ 1,"(0.5, 1.5]",600-1200,,,,,
Харьков,3,1,Mobile,700,350,10 - 50 человек,"(1, 3]","(0.5, 1.5]",600-1200,,,,,
Харьков,1,2,Project manager,700,700,больше 200 человек,≤ 1,"(1.5, 3]",600-1200,,,,,
Львов,2,2,Java,700,700,больше 200 человек,"(1, 3]","(1.5, 3]",600-1200,,,,,
другой,2,2,Flex/Flash/AIR,700,700,10 - 50 человек,"(1, 3]","(1.5, 3]",600-1200,,,,,
Харьков,3.5,2.5,QA/Testing,700,200,50 - 200 человек,"(3, 7]","(1.5, 3]",600-1200,,,,,
другой,4,3,PHP,700,600,меньше 10 человек,"(3, 7]","(1.5, 3]",600-1200,,,,,
другой,4,3,PHP,700,600,меньше 10 человек,"(3, 7]","(1.5, 3]",600-1200,,,,,
другой,6,4,C++,700,300,больше 200 человек,"(3, 7]",> 3,600-1200,,,,,
Львов,5,5,Embedded,700,200,больше 200 человек,"(3, 7]",> 3,600-1200,,,,,
другой,11,8,HTML/CSS/JavaScript,700,100,меньше 10 человек,> 7,> 3,600-1200,,,,,
другой,4,4,Flex/Flash/AIR,710,300,больше 200 человек,"(3, 7]",> 3,600-1200,,,,,
Львов,2,2,C#/.NET,720,300,10 - 50 человек,"(1, 3]","(1.5, 3]",600-1200,,,,,
Киев,1,0,Java,750,200,больше 200 человек,≤ 1,≤ 0.5,600-1200,,,,,
Киев,1,0.3,PHP,750,400,50 - 200 человек,≤ 1,≤ 0.5,600-1200,,,,,
Киев,5,0.4,PHP,750,150,10 - 50 человек,"(3, 7]",≤ 0.5,600-1200,,,,,
Львов,1.5,0.6,C#/.NET,750,400,10 - 50 человек,"(1, 3]","(0.5, 1.5]",600-1200,,,,,
Киев,1,0.7,PHP,750,250,меньше 10 человек,≤ 1,"(0.5, 1.5]",600-1200,,,,,
Киев,1.4,0.9,PHP,750,250,10 - 50 человек,"(1, 3]","(0.5, 1.5]",600-1200,,,,,
Киев,1,1,Java,750,,больше 200 человек,≤ 1,"(0.5, 1.5]",600-1200,,,,,
другой,1,1,Flex/Flash/AIR,750,50,10 - 50 человек,≤ 1,"(0.5, 1.5]",600-1200,,,,,
Харьков,5,1.5,QA/Testing,750,,больше 200 человек,"(3, 7]","(0.5, 1.5]",600-1200,,,,,
Харьков,2,2,Project manager,750,250,10 - 50 человек,"(1, 3]","(1.5, 3]",600-1200,,,,,
Харьков,2,2,PHP,750,400,10 - 50 человек,"(1, 3]","(1.5, 3]",600-1200,,,,,
другой,8,2,PHP,750,250,10 - 50 человек,> 7,"(1.5, 3]",600-1200,,,,,
Киев,8,2.5,Java,750,,50 - 200 человек,> 7,"(1.5, 3]",600-1200,,,,,
Киев,4,3,PHP,750,250,10 - 50 человек,"(3, 7]","(1.5, 3]",600-1200,,,,,
другой,3,3,Python,780,500,больше 200 человек,"(1, 3]","(1.5, 3]",600-1200,,,,,
другой,7,2,Ruby/Rails,787.5,187.5,меньше 10 человек,> 7,"(1.5, 3]",600-1200,,,,,
Киев,2,0,HTML/CSS/JavaScript,800,300,50 - 200 человек,"(1, 3]",≤ 0.5,600-1200,,,,,
Киев,0.5,0.2,Java,800,200,50 - 200 человек,≤ 1,≤ 0.5,600-1200,,,,,
Харьков,2,0.2,HTML/CSS/JavaScript,800,200,меньше 10 человек,"(1, 3]",≤ 0.5,600-1200,,,,,
Харьков,10,0.2,Java,800,500,10 - 50 человек,> 7,≤ 0.5,600-1200,,,,,
Киев,0.6,0.25,QA/Testing,800,300,больше 200 человек,≤ 1,≤ 0.5,600-1200,,,,,
Львов,3,0.25,Flex/Flash/AIR,800,400,10 - 50 человек,"(1, 3]",≤ 0.5,600-1200,,,,,
Киев,3,0.3,Gamedev,800,100,50 - 200 человек,"(1, 3]",≤ 0.5,600-1200,,,,,
Киев,0.5,0.5,C++,800,800,50 - 200 человек,≤ 1,≤ 0.5,600-1200,,,,,
Львов,1,0.5,PHP,800,300,10 - 50 человек,≤ 1,≤ 0.5,600-1200,,,,,
Харьков,3,0.7,PHP,800,400,10 - 50 человек,"(1, 3]","(0.5, 1.5]",600-1200,,,,,
Киев,2,0.8,Embedded,800,500,меньше 10 человек,"(1, 3]","(0.5, 1.5]",600-1200,,,,,
Киев,2,1,C#/.NET,800,700,10 - 50 человек,"(1, 3]","(0.5, 1.5]",600-1200,,,,,
Харьков,2,1,Ruby/Rails,800,400,50 - 200 человек,"(1, 3]","(0.5, 1.5]",600-1200,,,,,
другой,3,1,PHP,800,400,10 - 50 человек,"(1, 3]","(0.5, 1.5]",600-1200,,,,,
другой,3,1,PHP,800,,меньше 10 человек,"(1, 3]","(0.5, 1.5]",600-1200,,,,,
другой,4,1,C++,800,200,50 - 200 человек,"(3, 7]","(0.5, 1.5]",600-1200,,,,,
другой,1.5,1.5,PHP,800,700,меньше 10 человек,"(1, 3]","(0.5, 1.5]",600-1200,,,,,
другой,2,1.5,Java,800,800,50 - 200 человек,"(1, 3]","(0.5, 1.5]",600-1200,,,,,
Киев,1,2,PHP,800,400,50 - 200 человек,≤ 1,"(1.5, 3]",600-1200,,,,,
другой,7,2,C++,800,400,10 - 50 человек,> 7,"(1.5, 3]",600-1200,,,,,
другой,7,2,Oracle,800,300,больше 200 человек,> 7,"(1.5, 3]",600-1200,,,,,
Харьков,2.5,2.5,C#/.NET,800,400,больше 200 человек,"(1, 3]","(1.5, 3]",600-1200,,,,,
Харьков,2.5,2.5,C#/.NET,800,200,больше 200 человек,"(1, 3]","(1.5, 3]",600-1200,,,,,
Львов,3,3,QA/Testing,800,200,больше 200 человек,"(1, 3]","(1.5, 3]",600-1200,,,,,
Львов,3,3,Embedded,800,400,больше 200 человек,"(1, 3]","(1.5, 3]",600-1200,,,,,
другой,3,3,C++,800,800,50 - 200 человек,"(1, 3]","(1.5, 3]",600-1200,,,,,
Львов,4,4,C#/.NET,800,400,10 - 50 человек,"(3, 7]",> 3,600-1200,,,,,
Харьков,4,4,C#/.NET,800,100,10 - 50 человек,"(3, 7]",> 3,600-1200,,,,,
Киев,1,1,PHP,812.5,200,меньше 10 человек,≤ 1,"(0.5, 1.5]",600-1200,,,,,
другой,2.5,2.5,Java,812.5,250,50 - 200 человек,"(1, 3]","(1.5, 3]",600-1200,,,,,
другой,1.5,1,Python,820,300,меньше 10 человек,"(1, 3]","(0.5, 1.5]",600-1200,,,,,
Харьков,1,1,Java,845,845,50 - 200 человек,≤ 1,"(0.5, 1.5]",600-1200,,,,,
другой,4,0.75,QA/Testing,850,350,50 - 200 человек,"(3, 7]","(0.5, 1.5]",600-1200,,,,,
Киев,2.5,1.2,C#/.NET,850,400,10 - 50 человек,"(1, 3]","(0.5, 1.5]",600-1200,,,,,
Киев,1.5,1.5,C#/.NET,850,300,меньше 10 человек,"(1, 3]","(0.5, 1.5]",600-1200,,,,,
Львов,2,2,C#/.NET,850,550,больше 200 человек,"(1, 3]","(1.5, 3]",600-1200,,,,,
Киев,4,2,PHP,850,650,50 - 200 человек,"(3, 7]","(1.5, 3]",600-1200,,,,,
другой,3,3,PHP,850,500,10 - 50 человек,"(1, 3]","(1.5, 3]",600-1200,,,,,
Киев,1,0.5,C++,870,250,10 - 50 человек,≤ 1,≤ 0.5,600-1200,,,,,
Киев,3,2,C++,870,300,больше 200 человек,"(1, 3]","(1.5, 3]",600-1200,,,,,
Киев,1,0.5,C#/.NET,875,250,10 - 50 человек,≤ 1,≤ 0.5,600-1200,,,,,
Киев,9,1,PHP,875,375,меньше 10 человек,> 7,"(0.5, 1.5]",600-1200,,,,,
Киев,2.5,2,PHP,875,0,меньше 10 человек,"(1, 3]","(1.5, 3]",600-1200,,,,,
другой,11,6,C#/.NET,875,875,меньше 10 человек,> 7,> 3,600-1200,,,,,
Киев,2,0.5,QA/Testing,900,400,больше 200 человек,"(1, 3]",≤ 0.5,600-1200,,,,,
Киев,2,0.7,Java,900,300,больше 200 человек,"(1, 3]","(0.5, 1.5]",600-1200,,,,,
Львов,3,0.7,C++,900,300,больше 200 человек,"(1, 3]","(0.5, 1.5]",600-1200,,,,,
Киев,10,0.9,PHP,900,400,10 - 50 человек,> 7,"(0.5, 1.5]",600-1200,,,,,
Львов,8,1,Mobile,900,100,10 - 50 человек,> 7,"(0.5, 1.5]",600-1200,,,,,
Киев,2,1.5,PHP,900,300,меньше 10 человек,"(1, 3]","(0.5, 1.5]",600-1200,,,,,
другой,2.5,2,C#/.NET,900,875,10 - 50 человек,"(1, 3]","(1.5, 3]",600-1200,,,,,
Киев,4,2,C++,900,500,10 - 50 человек,"(3, 7]","(1.5, 3]",600-1200,,,,,
Львов,8,2,Python,900,900,больше 200 человек,> 7,"(1.5, 3]",600-1200,,,,,
другой,5,4,C#/.NET,900,300,50 - 200 человек,"(3, 7]",> 3,600-1200,,,,,
Киев,15,5,HTML/CSS/JavaScript,900,0,меньше 10 человек,> 7,> 3,600-1200,,,,,
Киев,3,0.6,PHP,950,500,больше 200 человек,"(1, 3]","(0.5, 1.5]",600-1200,,,,,
Харьков,3,1,C#/.NET,950,550,10 - 50 человек,"(1, 3]","(0.5, 1.5]",600-1200,,,,,
Киев,3,1.5,Embedded,950,500,10 - 50 человек,"(1, 3]","(0.5, 1.5]",600-1200,,,,,
Харьков,4,2.5,QA/Testing,950,250,больше 200 человек,"(3, 7]","(1.5, 3]",600-1200,,,,,
другой,5,5,PHP,950,562.5,10 - 50 человек,"(3, 7]",> 3,600-1200,,,,,
Киев,7,7,C#/.NET,950,1000,меньше 10 человек,> 7,> 3,600-1200,,,,,
Киев,5,4,Project manager,960,540,10 - 50 человек,"(3, 7]",> 3,600-1200,,,,,
другой,2,0.1,Python,1000,500,10 - 50 человек,"(1, 3]",≤ 0.5,600-1200,,,,,
другой,2,0.1,QA/Testing,1000,,больше 200 человек,"(1, 3]",≤ 0.5,600-1200,,,,,
Киев,3,0.1,C++,1000,500,50 - 200 человек,"(1, 3]",≤ 0.5,600-1200,,,,,
Киев,3,0.1,Flex/Flash/AIR,1000,1000,10 - 50 человек,"(1, 3]",≤ 0.5,600-1200,,,,,
другой,5,0.1,Java,1000,500,больше 200 человек,"(3, 7]",≤ 0.5,600-1200,,,,,
другой,3,0.2,Mobile,1000,500,10 - 50 человек,"(1, 3]",≤ 0.5,600-1200,,,,,
Киев,3,0.25,Embedded,1000,500,50 - 200 человек,"(1, 3]",≤ 0.5,600-1200,,,,,
Киев,3,0.3,Java,1000,500,больше 200 человек,"(1, 3]",≤ 0.5,600-1200,,,,,
Киев,3,0.4,C#/.NET,1000,400,10 - 50 человек,"(1, 3]",≤ 0.5,600-1200,,,,,
другой,4,0.4,PHP,1000,500,10 - 50 человек,"(3, 7]",≤ 0.5,600-1200,,,,,
Киев,2,0.5,PHP,1000,500,меньше 10 человек,"(1, 3]",≤ 0.5,600-1200,,,,,
Львов,2,0.5,Java,1000,500,50 - 200 человек,"(1, 3]",≤ 0.5,600-1200,,,,,
другой,2,0.5,QA/Testing,1000,500,больше 200 человек,"(1, 3]",≤ 0.5,600-1200,,,,,
Львов,2.5,0.5,Embedded,1000,500,10 - 50 человек,"(1, 3]",≤ 0.5,600-1200,,,,,
другой,2.5,0.5,C#/.NET,1000,400,10 - 50 человек,"(1, 3]",≤ 0.5,600-1200,,,,,
Львов,3,0.5,C#/.NET,1000,900,50 - 200 человек,"(1, 3]",≤ 0.5,600-1200,,,,,
другой,4,0.5,Gamedev,1000,300,10 - 50 человек,"(3, 7]",≤ 0.5,600-1200,,,,,
другой,6,0.5,Java,1000,500,50 - 200 человек,"(3, 7]",≤ 0.5,600-1200,,,,,
Харьков,2.5,0.6,C#/.NET,1000,300,50 - 200 человек,"(1, 3]","(0.5, 1.5]",600-1200,,,,,
Киев,3,0.6,Java,1000,300,50 - 200 человек,"(1, 3]","(0.5, 1.5]",600-1200,,,,,
Киев,1.5,0.7,Java,1000,1000,50 - 200 человек,"(1, 3]","(0.5, 1.5]",600-1200,,,,,
Киев,1,1,Objective-C,1000,500,больше 200 человек,≤ 1,"(0.5, 1.5]",600-1200,,,,,
Киев,2,1,Python,1000,1500,10 - 50 человек,"(1, 3]","(0.5, 1.5]",600-1200,,,,,
Киев,2,1,C++,1000,500,10 - 50 человек,"(1, 3]","(0.5, 1.5]",600-1200,,,,,
Львов,2.5,1,QA/Testing,1000,500,больше 200 человек,"(1, 3]","(0.5, 1.5]",600-1200,,,,,
Киев,3,1,PHP,1000,500,меньше 10 человек,"(1, 3]","(0.5, 1.5]",600-1200,,,,,
другой,3,1,PHP,1000,,10 - 50 человек,"(1, 3]","(0.5, 1.5]",600-1200,,,,,
Киев,3,1,PHP,1000,400,10 - 50 человек,"(1, 3]","(0.5, 1.5]",600-1200,,,,,
Киев,3,1,PHP,1000,200,меньше 10 человек,"(1, 3]","(0.5, 1.5]",600-1200,,,,,
Киев,3,1,C#/.NET,1000,500,10 - 50 человек,"(1, 3]","(0.5, 1.5]",600-1200,,,,,
Киев,3,1,C#/.NET,1000,1000,меньше 10 человек,"(1, 3]","(0.5, 1.5]",600-1200,,,,,
другой,8,1,Oracle,1000,300,больше 200 человек,> 7,"(0.5, 1.5]",600-1200,,,,,
Киев,8,1,PHP,1000,300,меньше 10 человек,> 7,"(0.5, 1.5]",600-1200,,,,,
другой,10,1,C#/.NET,1000,500,меньше 10 человек,> 7,"(0.5, 1.5]",600-1200,,,,,
Киев,3,1.1,QA/Testing,1000,300,больше 200 человек,"(1, 3]","(0.5, 1.5]",600-1200,,,,,
Львов,2,1.5,C#/.NET,1000,1000,10 - 50 человек,"(1, 3]","(0.5, 1.5]",600-1200,,,,,
Харьков,3,1.5,Oracle,1000,500,меньше 10 человек,"(1, 3]","(0.5, 1.5]",600-1200,,,,,
другой,4,1.5,HTML/CSS/JavaScript,1000,500,10 - 50 человек,"(3, 7]","(0.5, 1.5]",600-1200,,,,,
Львов,5,1.8,HTML/CSS/JavaScript,1000,600,меньше 10 человек,"(3, 7]","(1.5, 3]",600-1200,,,,,
Киев,2,2,Objective-C,1000,700,10 - 50 человек,"(1, 3]","(1.5, 3]",600-1200,,,,,
Харьков,3,2,C#/.NET,1000,500,10 - 50 человек,"(1, 3]","(1.5, 3]",600-1200,,,,,
Харьков,4,2,PHP,1000,500,10 - 50 человек,"(3, 7]","(1.5, 3]",600-1200,,,,,
другой,5,2,C++,1000,,меньше 10 человек,"(3, 7]","(1.5, 3]",600-1200,,,,,
Киев,5,2,C#/.NET,1000,500,меньше 10 человек,"(3, 7]","(1.5, 3]",600-1200,,,,,
другой,6,2,C#/.NET,1000,200,меньше 10 человек,"(3, 7]","(1.5, 3]",600-1200,,,,,
другой,7,2,C#/.NET,1000,500,10 - 50 человек,> 7,"(1.5, 3]",600-1200,,,,,
другой,8,2,Java,1000,1000,больше 200 человек,> 7,"(1.5, 3]",600-1200,,,,,
Харьков,9,2.5,Python,1000,1000,меньше 10 человек,> 7,"(1.5, 3]",600-1200,,,,,
Харьков,3,3,Flex/Flash/AIR,1000,1000,50 - 200 человек,"(1, 3]","(1.5, 3]",600-1200,,,,,
Киев,3,3,C++,1000,500,50 - 200 человек,"(1, 3]","(1.5, 3]",600-1200,,,,,
Киев,3,3,C#/.NET,1000,625,10 - 50 человек,"(1, 3]","(1.5, 3]",600-1200,,,,,
другой,3,3,QA/Testing,1000,400,больше 200 человек,"(1, 3]","(1.5, 3]",600-1200,,,,,
другой,3,3,Java,1000,1000,больше 200 человек,"(1, 3]","(1.5, 3]",600-1200,,,,,
другой,4,3,PHP,1000,200,меньше 10 человек,"(3, 7]","(1.5, 3]",600-1200,,,,,
Харьков,5,3,Embedded,1000,500,50 - 200 человек,"(3, 7]","(1.5, 3]",600-1200,,,,,
Харьков,5,3,Java,1000,,больше 200 человек,"(3, 7]","(1.5, 3]",600-1200,,,,,
Киев,4,3.5,C#/.NET,1000,700,10 - 50 человек,"(3, 7]",> 3,600-1200,,,,,
Харьков,4,4,Project manager,1000,700,50 - 200 человек,"(3, 7]",> 3,600-1200,,,,,
Львов,4,4,QA/Testing,1000,1000,больше 200 человек,"(3, 7]",> 3,600-1200,,,,,
Харьков,5,4,C++,1000,1000,50 - 200 человек,"(3, 7]",> 3,600-1200,,,,,
другой,5,5,HTML/CSS/JavaScript,1000,200,10 - 50 человек,"(3, 7]",> 3,600-1200,,,,,
Киев,9,5,Oracle,1000,500,50 - 200 человек,> 7,> 3,600-1200,,,,,
Киев,10,5,C#/.NET,1000,500,50 - 200 человек,> 7,> 3,600-1200,,,,,
Харьков,6,6,C++,1000,500,10 - 50 человек,"(3, 7]",> 3,600-1200,,,,,
другой,7,6,C#/.NET,1000,1000,больше 200 человек,> 7,> 3,600-1200,,,,,
другой,15,6,C#/.NET,1000,300,меньше 10 человек,> 7,> 3,600-1200,,,,,
другой,10,7,QA/Testing,1000,600,меньше 10 человек,> 7,> 3,600-1200,,,,,
другой,13,7,Oracle,1000,500,больше 200 человек,> 7,> 3,600-1200,,,,,
Львов,10,9,C++,1000,200,меньше 10 человек,> 7,> 3,600-1200,,,,,
Харьков,10,10,Oracle,1000,300,50 - 200 человек,> 7,> 3,600-1200,,,,,
Киев,14,10,PHP,1000,1000,10 - 50 человек,> 7,> 3,600-1200,,,,,
Киев,15,10,C++,1000,1000,10 - 50 человек,> 7,> 3,600-1200,,,,,
Харьков,4,2,Embedded,1050,400,50 - 200 человек,"(3, 7]","(1.5, 3]",600-1200,,,,,
Харьков,4,2.5,C#/.NET,1050,550,50 - 200 человек,"(3, 7]","(1.5, 3]",600-1200,,,,,
другой,3,3,PHP,1050,350,10 - 50 человек,"(1, 3]","(1.5, 3]",600-1200,,,,,
Львов,4,3,QA/Testing,1050,250,больше 200 человек,"(3, 7]","(1.5, 3]",600-1200,,,,,
Харьков,3,0.1,QA/Testing,1100,400,больше 200 человек,"(1, 3]",≤ 0.5,600-1200,,,,,
Киев,4,0.2,C++,1100,400,50 - 200 человек,"(3, 7]",≤ 0.5,600-1200,,,,,
Львов,1.25,0.25,Java,1100,500,10 - 50 человек,"(1, 3]",≤ 0.5,600-1200,,,,,
Киев,4,0.3,Java,1100,600,10 - 50 человек,"(3, 7]",≤ 0.5,600-1200,,,,,
Киев,2,0.4,Flex/Flash/AIR,1100,800,больше 200 человек,"(1, 3]",≤ 0.5,600-1200,,,,,
другой,4,0.5,PHP,1100,400,меньше 10 человек,"(3, 7]",≤ 0.5,600-1200,,,,,
Харьков,5,0.5,PHP,1100,700,10 - 50 человек,"(3, 7]",≤ 0.5,600-1200,,,,,
Киев,2,1,Embedded,1100,300,больше 200 человек,"(1, 3]","(0.5, 1.5]",600-1200,,,,,
Харьков,2.5,1,Java,1100,400,больше 200 человек,"(1, 3]","(0.5, 1.5]",600-1200,,,,,
Киев,3,1,Java,1100,500,больше 200 человек,"(1, 3]","(0.5, 1.5]",600-1200,,,,,
Львов,3,1.2,C#/.NET,1100,500,50 - 200 человек,"(1, 3]","(0.5, 1.5]",600-1200,,,,,
Львов,3,1.5,C#/.NET,1100,500,меньше 10 человек,"(1, 3]","(0.5, 1.5]",600-1200,,,,,
Харьков,3.5,2,HTML/CSS/JavaScript,1100,500,50 - 200 человек,"(3, 7]","(1.5, 3]",600-1200,,,,,
Львов,3,3,C#/.NET,1100,1000,больше 200 человек,"(1, 3]","(1.5, 3]",600-1200,,,,,
другой,4,3,PHP,1100,600,меньше 10 человек,"(3, 7]","(1.5, 3]",600-1200,,,,,
Харьков,4,3,PHP,1100,500,10 - 50 человек,"(3, 7]","(1.5, 3]",600-1200,,,,,
другой,4,3,C#/.NET,1100,500,больше 200 человек,"(3, 7]","(1.5, 3]",600-1200,,,,,
Киев,4,4,Mobile,1100,1400,10 - 50 человек,"(3, 7]",> 3,600-1200,,,,,
другой,6,3 месяца,PHP,1100,600,50 - 200 человек,"(3, 7]",> 3,600-1200,,,,,
Киев,2.5,0.5,C#/.NET,1150,300,10 - 50 человек,"(1, 3]",≤ 0.5,600-1200,,,,,
Харьков,2,2,HTML/CSS/JavaScript,1150,200,больше 200 человек,"(1, 3]","(1.5, 3]",600-1200,,,,,
другой,17,4,Java,1150,350,50 - 200 человек,> 7,> 3,600-1200,,,,,
другой,5,4,Java,1170,780,10 - 50 человек,"(3, 7]",> 3,600-1200,,,,,
другой,3,0,Java,1200,500,10 - 50 человек,"(1, 3]",≤ 0.5,600-1200,,,,,
Харьков,2,0.1,Java,1200,300,50 - 200 человек,"(1, 3]",≤ 0.5,600-1200,,,,,
Львов,5,0.1,HTML/CSS/JavaScript,1200,800,больше 200 человек,"(3, 7]",≤ 0.5,600-1200,,,,,
Киев,10,0.1,HTML/CSS/JavaScript,1200,500,больше 200 человек,> 7,≤ 0.5,600-1200,,,,,
Киев,1,0.2,C#/.NET,1200,500,больше 200 человек,≤ 1,≤ 0.5,600-1200,,,,,
Харьков,2.5,0.2,C#/.NET,1200,300,10 - 50 человек,"(1, 3]",≤ 0.5,600-1200,,,,,
Харьков,2,0.25,Java,1200,600,50 - 200 человек,"(1, 3]",≤ 0.5,600-1200,,,,,
Харьков,3,0.25,C#/.NET,1200,800,10 - 50 человек,"(1, 3]",≤ 0.5,600-1200,,,,,
Харьков,3,0.25,Python,1200,600,10 - 50 человек,"(1, 3]",≤ 0.5,600-1200,,,,,
Харьков,3,0.25,Java,1200,500,больше 200 человек,"(1, 3]",≤ 0.5,600-1200,,,,,
другой,4,0.4,C#/.NET,1200,400,меньше 10 человек,"(3, 7]",≤ 0.5,600-1200,,,,,
Харьков,1,0.5,Java,1200,500,больше 200 человек,≤ 1,≤ 0.5,600-1200,,,,,
Киев,2.5,0.5,C#/.NET,1200,600,50 - 200 человек,"(1, 3]",≤ 0.5,600-1200,,,,,
другой,3,0.5,C#/.NET,1200,800,10 - 50 человек,"(1, 3]",≤ 0.5,600-1200,,,,,
Киев,3,0.5,HTML/CSS/JavaScript,1200,600,50 - 200 человек,"(1, 3]",≤ 0.5,600-1200,,,,,
Львов,4,0.5,C#/.NET,1200,1600,больше 200 человек,"(3, 7]",≤ 0.5,600-1200,,,,,
Харьков,11,0.5,QA/Testing,1200,500,больше 200 человек,> 7,≤ 0.5,600-1200,,,,,
Киев,2,1,Java,1200,300,больше 200 человек,"(1, 3]","(0.5, 1.5]",600-1200,,,,,
Киев,2,1,Java,1200,800,10 - 50 человек,"(1, 3]","(0.5, 1.5]",600-1200,,,,,
Харьков,2,1,Python,1200,,меньше 10 человек,"(1, 3]","(0.5, 1.5]",600-1200,,,,,
Харьков,3,1,PHP,1200,400,меньше 10 человек,"(1, 3]","(0.5, 1.5]",600-1200,,,,,
Харьков,3,1,Python,1200,800,10 - 50 человек,"(1, 3]","(0.5, 1.5]",600-1200,,,,,
Львов,3,1,PHP,1200,800,50 - 200 человек,"(1, 3]","(0.5, 1.5]",600-1200,,,,,
Киев,3.5,1,QA/Testing,1200,300,больше 200 человек,"(3, 7]","(0.5, 1.5]",600-1200,,,,,
другой,4,1,PHP,1200,1000,10 - 50 человек,"(3, 7]","(0.5, 1.5]",600-1200,,,,,
другой,5,1,PHP,1200,800,10 - 50 человек,"(3, 7]","(0.5, 1.5]",600-1200,,,,,
Киев,5,1,Flex/Flash/AIR,1200,1000,меньше 10 человек,"(3, 7]","(0.5, 1.5]",600-1200,,,,,
другой,1.3,1.3,Java,1200,500,меньше 10 человек,"(1, 3]","(0.5, 1.5]",600-1200,,,,,
Харьков,2.5,2,Java,1200,300,50 - 200 человек,"(1, 3]","(1.5, 3]",600-1200,,,,,
Львов,3,2,C++,1200,,больше 200 человек,"(1, 3]","(1.5, 3]",600-1200,,,,,
Львов,3,2,Java,1200,500,50 - 200 человек,"(1, 3]","(1.5, 3]",600-1200,,,,,
Киев,4,2,Ruby/Rails,1200,800,10 - 50 человек,"(3, 7]","(1.5, 3]",600-1200,,,,,
Львов,4,2,C++,1200,500,50 - 200 человек,"(3, 7]","(1.5, 3]",600-1200,,,,,
другой,4,2,PHP,1200,800,10 - 50 человек,"(3, 7]","(1.5, 3]",600-1200,,,,,
Харьков,5,2,C#/.NET,1200,300,10 - 50 человек,"(3, 7]","(1.5, 3]",600-1200,,,,,
Киев,5,2,C++,1200,1000,10 - 50 человек,"(3, 7]","(1.5, 3]",600-1200,,,,,
Харьков,4,2.7,QA/Testing,1200,800,50 - 200 человек,"(3, 7]","(1.5, 3]",600-1200,,,,,
Харьков,3,3,QA/Testing,1200,900,больше 200 человек,"(1, 3]","(1.5, 3]",600-1200,,,,,
Львов,3,3,C#/.NET,1200,300,50 - 200 человек,"(1, 3]","(1.5, 3]",600-1200,,,,,
другой,3,3,C++,1200,0,больше 200 человек,"(1, 3]","(1.5, 3]",600-1200,,,,,
другой,3,3,C#/.NET,1200,1000,50 - 200 человек,"(1, 3]","(1.5, 3]",600-1200,,,,,
Харьков,5,3,Embedded,1200,400,50 - 200 человек,"(3, 7]","(1.5, 3]",600-1200,,,,,
Киев,8,3,HTML/CSS/JavaScript,1200,200,меньше 10 человек,> 7,"(1.5, 3]",600-1200,,,,,
Харьков,17,3,C#/.NET,1200,1000,50 - 200 человек,> 7,"(1.5, 3]",600-1200,,,,,
Харьков,4.5,3.5,C++,1200,400,10 - 50 человек,"(3, 7]",> 3,600-1200,,,,,
Харьков,4,4,C#/.NET,1200,500,50 - 200 человек,"(3, 7]",> 3,600-1200,,,,,
Львов,5,4,Java,1200,500,больше 200 человек,"(3, 7]",> 3,600-1200,,,,,
Львов,5,4,C#/.NET,1200,500,10 - 50 человек,"(3, 7]",> 3,600-1200,,,,,
Киев,6,4,Oracle,1200,500,больше 200 человек,"(3, 7]",> 3,600-1200,,,,,
другой,6,4,PHP,1200,800,10 - 50 человек,"(3, 7]",> 3,600-1200,,,,,
Киев,7,4,QA/Testing,1200,800,10 - 50 человек,> 7,> 3,600-1200,,,,,
другой,8,4,Java,1200,800,меньше 10 человек,> 7,> 3,600-1200,,,,,
Киев,10,4,Java,1200,1000,меньше 10 человек,> 7,> 3,600-1200,,,,,
другой,5,5,PHP,1200,600,10 - 50 человек,"(3, 7]",> 3,600-1200,,,,,
Киев,11,7,C++,1200,100,10 - 50 человек,> 7,> 3,600-1200,,,,,
Киев,4,0.3,Project manager,1250,625,меньше 10 человек,"(3, 7]",≤ 0.5,1250-1800,,,,,
Киев,5,0.3,Python,1250,,меньше 10 человек,"(3, 7]",≤ 0.5,1250-1800,,,,,
Харьков,4,0.8,QA/Testing,1250,750,10 - 50 человек,"(3, 7]","(0.5, 1.5]",1250-1800,,,,,
Киев,7,1.7,PHP,1250,500,50 - 200 человек,> 7,"(1.5, 3]",1250-1800,,,,,
Киев,10,2,C#/.NET,1250,625,10 - 50 человек,> 7,"(1.5, 3]",1250-1800,,,,,
другой,11,2,C++,1250,750,50 - 200 человек,> 7,"(1.5, 3]",1250-1800,,,,,
Киев,2.5,2.4,Project manager,1250,300,меньше 10 человек,"(1, 3]","(1.5, 3]",1250-1800,,,,,
Харьков,9,2.5,C++,1250,500,10 - 50 человек,> 7,"(1.5, 3]",1250-1800,,,,,
другой,3,3,QA/Testing,1250,1250,10 - 50 человек,"(1, 3]","(1.5, 3]",1250-1800,,,,,
Киев,3,3,C++,1250,,10 - 50 человек,"(1, 3]","(1.5, 3]",1250-1800,,,,,
другой,3,3,C#/.NET,1250,250,50 - 200 человек,"(1, 3]","(1.5, 3]",1250-1800,,,,,
другой,6,2,Embedded,1265,500,больше 200 человек,"(3, 7]","(1.5, 3]",1250-1800,,,,,
другой,3,2,C#/.NET,1270,500,больше 200 человек,"(1, 3]","(1.5, 3]",1250-1800,,,,,
другой,3,0.2,Java,1300,700,50 - 200 человек,"(1, 3]",≤ 0.5,1250-1800,,,,,
Харьков,3,0.5,QA/Testing,1300,400,больше 200 человек,"(1, 3]",≤ 0.5,1250-1800,,,,,
Львов,3,0.5,QA/Testing,1300,,больше 200 человек,"(1, 3]",≤ 0.5,1250-1800,,,,,
Харьков,5,0.5,Java,1300,500,больше 200 человек,"(3, 7]",≤ 0.5,1250-1800,,,,,
Киев,2,1,Java,1300,1000,больше 200 человек,"(1, 3]","(0.5, 1.5]",1250-1800,,,,,
Киев,2.5,1,C#/.NET,1300,500,меньше 10 человек,"(1, 3]","(0.5, 1.5]",1250-1800,,,,,
Киев,3,1,Java,1300,300,меньше 10 человек,"(1, 3]","(0.5, 1.5]",1250-1800,,,,,
Львов,3,1,Python,1300,700,больше 200 человек,"(1, 3]","(0.5, 1.5]",1250-1800,,,,,
Киев,4,1,QA/Testing,1300,700,больше 200 человек,"(3, 7]","(0.5, 1.5]",1250-1800,,,,,
другой,4,1,PHP,1300,400,больше 200 человек,"(3, 7]","(0.5, 1.5]",1250-1800,,,,,
Киев,5,1,C++,1300,500,больше 200 человек,"(3, 7]","(0.5, 1.5]",1250-1800,,,,,
Харьков,2,1.5,Java,1300,1000,50 - 200 человек,"(1, 3]","(0.5, 1.5]",1250-1800,,,,,
Киев,6,1.5,PHP,1300,300,10 - 50 человек,"(3, 7]","(0.5, 1.5]",1250-1800,,,,,
Киев,3,2,C#/.NET,1300,300,больше 200 человек,"(1, 3]","(1.5, 3]",1250-1800,,,,,
Львов,3,2,Java,1300,500,больше 200 человек,"(1, 3]","(1.5, 3]",1250-1800,,,,,
другой,11,2,C++,1300,400,больше 200 человек,> 7,"(1.5, 3]",1250-1800,,,,,
другой,3,3,C#/.NET,1300,700,10 - 50 человек,"(1, 3]","(1.5, 3]",1250-1800,,,,,
Киев,7,3,Embedded,1300,3900,10 - 50 человек,> 7,"(1.5, 3]",1250-1800,,,,,
Львов,4,4,QA/Testing,1300,500,50 - 200 человек,"(3, 7]",> 3,1250-1800,,,,,
другой,5,5,Project manager,1300,625,меньше 10 человек,"(3, 7]",> 3,1250-1800,,,,,
другой,12,7,Java,1300,500,больше 200 человек,> 7,> 3,1250-1800,,,,,
другой,4,4,C#/.NET,1350,500,50 - 200 человек,"(3, 7]",> 3,1250-1800,,,,,
Киев,7,5,PHP,1350,500,10 - 50 человек,> 7,> 3,1250-1800,,,,,
Харьков,3,2,C#/.NET,1375,500,50 - 200 человек,"(1, 3]","(1.5, 3]",1250-1800,,,,,
Киев,5,0.1,PHP,1400,400,50 - 200 человек,"(3, 7]",≤ 0.5,1250-1800,,,,,
Киев,5,0.25,C#/.NET,1400,300,10 - 50 человек,"(3, 7]",≤ 0.5,1250-1800,,,,,
другой,1,0.5,Mobile,1400,800,больше 200 человек,≤ 1,≤ 0.5,1250-1800,,,,,
Киев,2,0.5,HTML/CSS/JavaScript,1400,500,10 - 50 человек,"(1, 3]",≤ 0.5,1250-1800,,,,,
Харьков,4,0.5,Objective-C,1400,500,50 - 200 человек,"(3, 7]",≤ 0.5,1250-1800,,,,,
Киев,4,0.5,Java,1400,600,больше 200 человек,"(3, 7]",≤ 0.5,1250-1800,,,,,
Киев,4,0.5,C#/.NET,1400,600,больше 200 человек,"(3, 7]",≤ 0.5,1250-1800,,,,,
Львов,5,0.5,C++,1400,400,50 - 200 человек,"(3, 7]",≤ 0.5,1250-1800,,,,,
Харьков,4,0.8,Java,1400,400,50 - 200 человек,"(3, 7]","(0.5, 1.5]",1250-1800,,,,,
Львов,3,1,Embedded,1400,600,10 - 50 человек,"(1, 3]","(0.5, 1.5]",1250-1800,,,,,
Киев,3,1,HTML/CSS/JavaScript,1400,600,50 - 200 человек,"(1, 3]","(0.5, 1.5]",1250-1800,,,,,
другой,5,1,C++,1400,600,10 - 50 человек,"(3, 7]","(0.5, 1.5]",1250-1800,,,,,
Киев,4,1.5,Python,1400,600,50 - 200 человек,"(3, 7]","(0.5, 1.5]",1250-1800,,,,,
Киев,8,1.5,HTML/CSS/JavaScript,1400,,больше 200 человек,> 7,"(0.5, 1.5]",1250-1800,,,,,
другой,3,2,C++,1400,600,50 - 200 человек,"(1, 3]","(1.5, 3]",1250-1800,,,,,
Харьков,4,2,QA/Testing,1400,600,больше 200 человек,"(3, 7]","(1.5, 3]",1250-1800,,,,,
Харьков,4,2,Embedded,1400,600,50 - 200 человек,"(3, 7]","(1.5, 3]",1250-1800,,,,,
Харьков,4,2,Java,1400,300,10 - 50 человек,"(3, 7]","(1.5, 3]",1250-1800,,,,,
Киев,7,2,C#/.NET,1400,500,50 - 200 человек,> 7,"(1.5, 3]",1250-1800,,,,,
Харьков,3,3,C#/.NET,1400,1000,50 - 200 человек,"(1, 3]","(1.5, 3]",1250-1800,,,,,
Львов,3,3,QA/Testing,1400,400,больше 200 человек,"(1, 3]","(1.5, 3]",1250-1800,,,,,
Львов,3,3,C#/.NET,1400,300,больше 200 человек,"(1, 3]","(1.5, 3]",1250-1800,,,,,
Киев,4,3,QA/Testing,1400,500,больше 200 человек,"(3, 7]","(1.5, 3]",1250-1800,,,,,
Киев,5,3,C#/.NET,1400,400,меньше 10 человек,"(3, 7]","(1.5, 3]",1250-1800,,,,,
Львов,6,3,C#/.NET,1400,600,больше 200 человек,"(3, 7]","(1.5, 3]",1250-1800,,,,,
Харьков,7,3,Flex/Flash/AIR,1400,1600,10 - 50 человек,> 7,"(1.5, 3]",1250-1800,,,,,
другой,10,3,Java,1400,200,50 - 200 человек,> 7,"(1.5, 3]",1250-1800,,,,,
Харьков,6,4,C#/.NET,1400,400,больше 200 человек,"(3, 7]",> 3,1250-1800,,,,,
другой,5,5,Java,1400,1000,10 - 50 человек,"(3, 7]",> 3,1250-1800,,,,,
Харьков,6.5,6.5,C#/.NET,1400,400,50 - 200 человек,"(3, 7]",> 3,1250-1800,,,,,
Киев,6.5,6.5,C#/.NET,1400,,10 - 50 человек,"(3, 7]",> 3,1250-1800,,,,,
Львов,10,1.5,C#/.NET,1430,455,меньше 10 человек,> 7,"(0.5, 1.5]",1250-1800,,,,,
Киев,3,2,C#/.NET,1430,1040,10 - 50 человек,"(1, 3]","(1.5, 3]",1250-1800,,,,,
Киев,3,1,Java,1450,300,больше 200 человек,"(1, 3]","(0.5, 1.5]",1250-1800,,,,,
Харьков,5,2,QA/Testing,1450,200,50 - 200 человек,"(3, 7]","(1.5, 3]",1250-1800,,,,,
Харьков,3.5,2.5,Java,1450,500,50 - 200 человек,"(3, 7]","(1.5, 3]",1250-1800,,,,,
Харьков,4,2.5,QA/Testing,1450,450,больше 200 человек,"(3, 7]","(1.5, 3]",1250-1800,,,,,
Львов,4,8,Java,1500,600,50 - 200 человек,"(3, 7]",> 3,1250-1800,,,,,
Харьков,3,0,Java,1500,1000,10 - 50 человек,"(1, 3]",≤ 0.5,1250-1800,,,,,
Киев,6,0,C++,1500,500,50 - 200 человек,"(3, 7]",≤ 0.5,1250-1800,,,,,
Киев,3,0.1,Ruby/Rails,1500,375,10 - 50 человек,"(1, 3]",≤ 0.5,1250-1800,,,,,
Киев,3.5,0.1,C#/.NET,1500,700,меньше 10 человек,"(3, 7]",≤ 0.5,1250-1800,,,,,
Киев,5,0.1,PHP,1500,500,больше 200 человек,"(3, 7]",≤ 0.5,1250-1800,,,,,
Киев,5,0.2,Python,1500,500,10 - 50 человек,"(3, 7]",≤ 0.5,1250-1800,,,,,
другой,6,0.2,C++,1500,500,больше 200 человек,"(3, 7]",≤ 0.5,1250-1800,,,,,
Киев,7,0.2,PHP,1500,500,10 - 50 человек,> 7,≤ 0.5,1250-1800,,,,,
Львов,3,0.25,C#/.NET,1500,500,50 - 200 человек,"(1, 3]",≤ 0.5,1250-1800,,,,,
Киев,3,0.25,C#/.NET,1500,350,10 - 50 человек,"(1, 3]",≤ 0.5,1250-1800,,,,,
Харьков,4,0.25,Ruby/Rails,1500,500,меньше 10 человек,"(3, 7]",≤ 0.5,1250-1800,,,,,
Киев,11,0.25,Project manager,1500,500,10 - 50 человек,> 7,≤ 0.5,1250-1800,,,,,
Киев,3,0.3,C++,1500,1000,больше 200 человек,"(1, 3]",≤ 0.5,1250-1800,,,,,
Киев,4,0.4,C#/.NET,1500,500,больше 200 человек,"(3, 7]",≤ 0.5,1250-1800,,,,,
Харьков,4.5,0.4,QA/Testing,1500,500,больше 200 человек,"(3, 7]",≤ 0.5,1250-1800,,,,,
Киев,1,0.5,QA/Testing,1500,500,больше 200 человек,≤ 1,≤ 0.5,1250-1800,,,,,
Харьков,2,0.5,Project manager,1500,500,больше 200 человек,"(1, 3]",≤ 0.5,1250-1800,,,,,
другой,2.7,0.5,Java,1500,800,50 - 200 человек,"(1, 3]",≤ 0.5,1250-1800,,,,,
Львов,3,0.5,HTML/CSS/JavaScript,1500,700,меньше 10 человек,"(1, 3]",≤ 0.5,1250-1800,,,,,
Киев,3,0.5,C#/.NET,1500,,больше 200 человек,"(1, 3]",≤ 0.5,1250-1800,,,,,
Харьков,4,0.5,C#/.NET,1500,1000,больше 200 человек,"(3, 7]",≤ 0.5,1250-1800,,,,,
Киев,5,0.5,C++,1500,1000,50 - 200 человек,"(3, 7]",≤ 0.5,1250-1800,,,,,
другой,5,0.5,C#/.NET,1500,500,меньше 10 человек,"(3, 7]",≤ 0.5,1250-1800,,,,,
Киев,2.5,0.7,Python,1500,600,больше 200 человек,"(1, 3]","(0.5, 1.5]",1250-1800,,,,,
Киев,3,0.7,C#/.NET,1500,400,больше 200 человек,"(1, 3]","(0.5, 1.5]",1250-1800,,,,,
Киев,5,0.7,Project manager,1500,1000,50 - 200 человек,"(3, 7]","(0.5, 1.5]",1250-1800,,,,,
Киев,5,0.8,PHP,1500,300,10 - 50 человек,"(3, 7]","(0.5, 1.5]",1250-1800,,,,,
другой,5,0.9,Java,1500,1000,меньше 10 человек,"(3, 7]","(0.5, 1.5]",1250-1800,,,,,
Львов,2,1,Project manager,1500,1500,меньше 10 человек,"(1, 3]","(0.5, 1.5]",1250-1800,,,,,
Киев,2,1,Java,1500,1500,больше 200 человек,"(1, 3]","(0.5, 1.5]",1250-1800,,,,,
Киев,2,1,C#/.NET,1500,300,10 - 50 человек,"(1, 3]","(0.5, 1.5]",1250-1800,,,,,
Харьков,3,1,Java,1500,300,10 - 50 человек,"(1, 3]","(0.5, 1.5]",1250-1800,,,,,
Киев,3,1,Flex/Flash/AIR,1500,500,больше 200 человек,"(1, 3]","(0.5, 1.5]",1250-1800,,,,,
Киев,3.5,1,C#/.NET,1500,700,10 - 50 человек,"(3, 7]","(0.5, 1.5]",1250-1800,,,,,
Киев,4,1,Embedded,1500,1500,больше 200 человек,"(3, 7]","(0.5, 1.5]",1250-1800,,,,,
другой,5,1,Java,1500,,50 - 200 человек,"(3, 7]","(0.5, 1.5]",1250-1800,,,,,
Киев,6,1,Java,1500,0.5,больше 200 человек,"(3, 7]","(0.5, 1.5]",1250-1800,,,,,
Киев,6,1,Embedded,1500,1000,50 - 200 человек,"(3, 7]","(0.5, 1.5]",1250-1800,,,,,
другой,6,1,C#/.NET,1500,500,меньше 10 человек,"(3, 7]","(0.5, 1.5]",1250-1800,,,,,
другой,10,1,Python,1500,0,меньше 10 человек,> 7,"(0.5, 1.5]",1250-1800,,,,,
Киев,10,1,Flex/Flash/AIR,1500,1000,меньше 10 человек,> 7,"(0.5, 1.5]",1250-1800,,,,,
Киев,7,1.25,PHP,1500,500,50 - 200 человек,> 7,"(0.5, 1.5]",1250-1800,,,,,
Харьков,3.5,1.4,Project manager,1500,200,50 - 200 человек,"(3, 7]","(0.5, 1.5]",1250-1800,,,,,
Харьков,4,1.5,Gamedev,1500,1000,50 - 200 человек,"(3, 7]","(0.5, 1.5]",1250-1800,,,,,
Харьков,4.5,1.5,C#/.NET,1500,1000,50 - 200 человек,"(3, 7]","(0.5, 1.5]",1250-1800,,,,,
Киев,10,1.5,PHP,1500,1000,10 - 50 человек,> 7,"(0.5, 1.5]",1250-1800,,,,,
Киев,3,1.7,Project manager,1500,300,10 - 50 человек,"(1, 3]","(1.5, 3]",1250-1800,,,,,
Киев,2,2,Java,1500,500,10 - 50 человек,"(1, 3]","(1.5, 3]",1250-1800,,,,,
Львов,2,2,Java,1500,400,больше 200 человек,"(1, 3]","(1.5, 3]",1250-1800,,,,,
Киев,2.5,2,C#/.NET,1500,500,10 - 50 человек,"(1, 3]","(1.5, 3]",1250-1800,,,,,
другой,3,2,Project manager,1500,500,меньше 10 человек,"(1, 3]","(1.5, 3]",1250-1800,,,,,
Львов,3,2,C++,1500,500,больше 200 человек,"(1, 3]","(1.5, 3]",1250-1800,,,,,
Киев,3,2,C#/.NET,1500,200,больше 200 человек,"(1, 3]","(1.5, 3]",1250-1800,,,,,
Киев,4,2,C#/.NET,1500,500,меньше 10 человек,"(3, 7]","(1.5, 3]",1250-1800,,,,,
Львов,4,2,Embedded,1500,1000,10 - 50 человек,"(3, 7]","(1.5, 3]",1250-1800,,,,,
Киев,4.5,2,Python,1500,1000,10 - 50 человек,"(3, 7]","(1.5, 3]",1250-1800,,,,,
Киев,5,2,C#/.NET,1500,500,меньше 10 человек,"(3, 7]","(1.5, 3]",1250-1800,,,,,
Киев,5,2,Java,1500,500,10 - 50 человек,"(3, 7]","(1.5, 3]",1250-1800,,,,,
Львов,6,2,HTML/CSS/JavaScript,1500,500,меньше 10 человек,"(3, 7]","(1.5, 3]",1250-1800,,,,,
Киев,6,2,PHP,1500,1500,меньше 10 человек,"(3, 7]","(1.5, 3]",1250-1800,,,,,
другой,6,2,Ruby/Rails,1500,200,меньше 10 человек,"(3, 7]","(1.5, 3]",1250-1800,,,,,
Киев,6,2,QA/Testing,1500,400,больше 200 человек,"(3, 7]","(1.5, 3]",1250-1800,,,,,
Харьков,7,2,Project manager,1500,500,50 - 200 человек,> 7,"(1.5, 3]",1250-1800,,,,,
другой,8,2,PHP,1500,700,50 - 200 человек,> 7,"(1.5, 3]",1250-1800,,,,,
другой,8,2,C#/.NET,1500,500,10 - 50 человек,> 7,"(1.5, 3]",1250-1800,,,,,
другой,9,2,PHP,1500,1000,50 - 200 человек,> 7,"(1.5, 3]",1250-1800,,,,,
Киев,10,2,Embedded,1500,1000,50 - 200 человек,> 7,"(1.5, 3]",1250-1800,,,,,
другой,14,2,Ruby/Rails,1500,500,меньше 10 человек,> 7,"(1.5, 3]",1250-1800,,,,,
другой,20,2,Flex/Flash/AIR,1500,0,10 - 50 человек,> 7,"(1.5, 3]",1250-1800,,,,,
Харьков,4,2.5,C#/.NET,1500,500,больше 200 человек,"(3, 7]","(1.5, 3]",1250-1800,,,,,
Киев,3,3,Java,1500,500,10 - 50 человек,"(1, 3]","(1.5, 3]",1250-1800,,,,,
Львов,3,3,Java,1500,1000,10 - 50 человек,"(1, 3]","(1.5, 3]",1250-1800,,,,,
Киев,3,3,Java,1500,100,больше 200 человек,"(1, 3]","(1.5, 3]",1250-1800,,,,,
Львов,3,3,C#/.NET,1500,750,больше 200 человек,"(1, 3]","(1.5, 3]",1250-1800,,,,,
Киев,4,3,Oracle,1500,500,50 - 200 человек,"(3, 7]","(1.5, 3]",1250-1800,,,,,
другой,5,3,C++,1500,500,50 - 200 человек,"(3, 7]","(1.5, 3]",1250-1800,,,,,
другой,5,3,Gamedev,1500,1000,меньше 10 человек,"(3, 7]","(1.5, 3]",1250-1800,,,,,
Киев,5,3,Objective-C,1500,500,больше 200 человек,"(3, 7]","(1.5, 3]",1250-1800,,,,,
Харьков,6,3,PHP,1500,500,меньше 10 человек,"(3, 7]","(1.5, 3]",1250-1800,,,,,
Львов,10,3,Python,1500,400,больше 200 человек,> 7,"(1.5, 3]",1250-1800,,,,,
Киев,15,3,Project manager,1500,2000,меньше 10 человек,> 7,"(1.5, 3]",1250-1800,,,,,
другой,4,4,C++,1500,500,10 - 50 человек,"(3, 7]",> 3,1250-1800,,,,,
Киев,8,4,PHP,1500,500,10 - 50 человек,> 7,> 3,1250-1800,,,,,
другой,12,4,C#/.NET,1500,1500,меньше 10 человек,> 7,> 3,1250-1800,,,,,
Киев,4.5,4.5,C#/.NET,1500,500,50 - 200 человек,"(3, 7]",> 3,1250-1800,,,,,
Харьков,6,4.5,C#/.NET,1500,400,больше 200 человек,"(3, 7]",> 3,1250-1800,,,,,
Львов,5,5,Java,1500,400,больше 200 человек,"(3, 7]",> 3,1250-1800,,,,,
другой,5,5,Mobile,1500,500,меньше 10 человек,"(3, 7]",> 3,1250-1800,,,,,
другой,5,5,Java,1500,200,больше 200 человек,"(3, 7]",> 3,1250-1800,,,,,
другой,8,5,Java,1500,300,больше 200 человек,> 7,> 3,1250-1800,,,,,
другой,8,5,C++,1500,1500,10 - 50 человек,> 7,> 3,1250-1800,,,,,
Львов,5.5,5.5,QA/Testing,1500,500,50 - 200 человек,"(3, 7]",> 3,1250-1800,,,,,
Киев,10,6,C#/.NET,1500,500,больше 200 человек,> 7,> 3,1250-1800,,,,,
Киев,18,6,PHP,1500,500,меньше 10 человек,> 7,> 3,1250-1800,,,,,
Львов,7,7,Java,1500,500,10 - 50 человек,> 7,> 3,1250-1800,,,,,
Киев,4,12,QA/Testing,1500,500,10 - 50 человек,"(3, 7]",> 3,1250-1800,,,,,
Киев,4,0.9,C++,1550,800,меньше 10 человек,"(3, 7]","(0.5, 1.5]",1250-1800,,,,,
Харьков,12,11,C#/.NET,1550,1000,больше 200 человек,> 7,> 3,1250-1800,,,,,
Киев,6,0.3,PHP,1600,200,10 - 50 человек,"(3, 7]",≤ 0.5,1250-1800,,,,,
Киев,3,0.4,C#/.NET,1600,1000,больше 200 человек,"(1, 3]",≤ 0.5,1250-1800,,,,,
Львов,3,0.5,QA/Testing,1600,500,меньше 10 человек,"(1, 3]",≤ 0.5,1250-1800,,,,,
Киев,4,0.5,PHP,1600,200,10 - 50 человек,"(3, 7]",≤ 0.5,1250-1800,,,,,
Харьков,6,0.5,C++,1600,200,больше 200 человек,"(3, 7]",≤ 0.5,1250-1800,,,,,
Киев,1,1,C++,1600,400,50 - 200 человек,≤ 1,"(0.5, 1.5]",1250-1800,,,,,
другой,2,1,C++,1600,1000,50 - 200 человек,"(1, 3]","(0.5, 1.5]",1250-1800,,,,,
Киев,3,1,Flex/Flash/AIR,1600,1000,10 - 50 человек,"(1, 3]","(0.5, 1.5]",1250-1800,,,,,
Киев,4,1,Java,1600,500,больше 200 человек,"(3, 7]","(0.5, 1.5]",1250-1800,,,,,
Киев,4,1,C++,1600,600,меньше 10 человек,"(3, 7]","(0.5, 1.5]",1250-1800,,,,,
Киев,5,1,Ruby/Rails,1600,600,меньше 10 человек,"(3, 7]","(0.5, 1.5]",1250-1800,,,,,
Киев,7,1,PHP,1600,1000,меньше 10 человек,> 7,"(0.5, 1.5]",1250-1800,,,,,
Киев,8,1,Project manager,1600,900,меньше 10 человек,> 7,"(0.5, 1.5]",1250-1800,,,,,
Киев,10,1,C++,1600,800,50 - 200 человек,> 7,"(0.5, 1.5]",1250-1800,,,,,
другой,4,1.2,C#/.NET,1600,400,10 - 50 человек,"(3, 7]","(0.5, 1.5]",1250-1800,,,,,
Киев,5,1.5,C#/.NET,1600,400,больше 200 человек,"(3, 7]","(0.5, 1.5]",1250-1800,,,,,
Киев,2.5,2,C#/.NET,1600,1000,больше 200 человек,"(1, 3]","(1.5, 3]",1250-1800,,,,,
Киев,3,2,C#/.NET,1600,1400,больше 200 человек,"(1, 3]","(1.5, 3]",1250-1800,,,,,
Львов,4,2,C#/.NET,1600,300,больше 200 человек,"(3, 7]","(1.5, 3]",1250-1800,,,,,
другой,4,2,Objective-C,1600,800,меньше 10 человек,"(3, 7]","(1.5, 3]",1250-1800,,,,,
Киев,7,2,HTML/CSS/JavaScript,1600,400,10 - 50 человек,> 7,"(1.5, 3]",1250-1800,,,,,
Киев,4,2.5,QA/Testing,1600,500,50 - 200 человек,"(3, 7]","(1.5, 3]",1250-1800,,,,,
Киев,3,3,C#/.NET,1600,600,10 - 50 человек,"(1, 3]","(1.5, 3]",1250-1800,,,,,
другой,6,3,Project manager,1600,1600,10 - 50 человек,"(3, 7]","(1.5, 3]",1250-1800,,,,,
Киев,7,3,QA/Testing,1600,1000,больше 200 человек,> 7,"(1.5, 3]",1250-1800,,,,,
Киев,6,3.5,Java,1600,900,больше 200 человек,"(3, 7]",> 3,1250-1800,,,,,
другой,8,4,Java,1600,500,больше 200 человек,> 7,> 3,1250-1800,,,,,
другой,5,4.5,PHP,1600,400,10 - 50 человек,"(3, 7]",> 3,1250-1800,,,,,
другой,5,5,Gamedev,1600,500,меньше 10 человек,"(3, 7]",> 3,1250-1800,,,,,
другой,5,5,C++,1600,160,50 - 200 человек,"(3, 7]",> 3,1250-1800,,,,,
Киев,11,2.2,Mobile,1625,250,больше 200 человек,> 7,"(1.5, 3]",1250-1800,,,,,
Киев,3,0.5,C#/.NET,1650,400,10 - 50 человек,"(1, 3]",≤ 0.5,1250-1800,,,,,
Киев,2,2,Java,1650,500,10 - 50 человек,"(1, 3]","(1.5, 3]",1250-1800,,,,,
Киев,2.5,2,Java,1650,850,10 - 50 человек,"(1, 3]","(1.5, 3]",1250-1800,,,,,
другой,4,2,Ruby/Rails,1650,500,10 - 50 человек,"(3, 7]","(1.5, 3]",1250-1800,,,,,
другой,5,2,Python,1650,500,10 - 50 человек,"(3, 7]","(1.5, 3]",1250-1800,,,,,
Киев,3,2.5,C#/.NET,1650,250,больше 200 человек,"(1, 3]","(1.5, 3]",1250-1800,,,,,
другой,5,5,Ruby/Rails,1650,1320,10 - 50 человек,"(3, 7]",> 3,1250-1800,,,,,
Львов,5,1,C#/.NET,1690,900,меньше 10 человек,"(3, 7]","(0.5, 1.5]",1250-1800,,,,,
другой,7,0.4,Python,1692,1000,10 - 50 человек,> 7,≤ 0.5,1250-1800,,,,,
Киев,6,0.2,C#/.NET,1700,1000,10 - 50 человек,"(3, 7]",≤ 0.5,1250-1800,,,,,
Киев,3,0.4,Java,1700,700,меньше 10 человек,"(1, 3]",≤ 0.5,1250-1800,,,,,
Киев,8,0.5,PHP,1700,,50 - 200 человек,> 7,≤ 0.5,1250-1800,,,,,
Харьков,8,0.5,Java,1700,500,10 - 50 человек,> 7,≤ 0.5,1250-1800,,,,,
Киев,3,1,Flex/Flash/AIR,1700,300,10 - 50 человек,"(1, 3]","(0.5, 1.5]",1250-1800,,,,,
Киев,3,1,Mobile,1700,,50 - 200 человек,"(1, 3]","(0.5, 1.5]",1250-1800,,,,,
Киев,3,1,Java,1700,800,меньше 10 человек,"(1, 3]","(0.5, 1.5]",1250-1800,,,,,
Харьков,3,1,C#/.NET,1700,300,10 - 50 человек,"(1, 3]","(0.5, 1.5]",1250-1800,,,,,
Киев,5,1,PHP,1700,700,10 - 50 человек,"(3, 7]","(0.5, 1.5]",1250-1800,,,,,
Киев,5,1,Java,1700,400,больше 200 человек,"(3, 7]","(0.5, 1.5]",1250-1800,,,,,
Харьков,6,1,Project manager,1700,300,10 - 50 человек,"(3, 7]","(0.5, 1.5]",1250-1800,,,,,
Харьков,6,1,C#/.NET,1700,300,меньше 10 человек,"(3, 7]","(0.5, 1.5]",1250-1800,,,,,
Харьков,9,1,QA/Testing,1700,400,50 - 200 человек,> 7,"(0.5, 1.5]",1250-1800,,,,,
другой,4,1.2,Java,1700,500,10 - 50 человек,"(3, 7]","(0.5, 1.5]",1250-1800,,,,,
Киев,4,1.5,Java,1700,1700,меньше 10 человек,"(3, 7]","(0.5, 1.5]",1250-1800,,,,,
другой,8,1.8,Java,1700,,больше 200 человек,> 7,"(1.5, 3]",1250-1800,,,,,
Киев,3,2,QA/Testing,1700,400,больше 200 человек,"(1, 3]","(1.5, 3]",1250-1800,,,,,
Киев,3,2,C#/.NET,1700,500,больше 200 человек,"(1, 3]","(1.5, 3]",1250-1800,,,,,
Киев,3,2,Java,1700,500,меньше 10 человек,"(1, 3]","(1.5, 3]",1250-1800,,,,,
Харьков,4,2.5,Project manager,1700,700,10 - 50 человек,"(3, 7]","(1.5, 3]",1250-1800,,,,,
Львов,3,3,PHP,1700,500,50 - 200 человек,"(1, 3]","(1.5, 3]",1250-1800,,,,,
Львов,3,3,Java,1700,400,50 - 200 человек,"(1, 3]","(1.5, 3]",1250-1800,,,,,
другой,4,3,Java,1700,500,50 - 200 человек,"(3, 7]","(1.5, 3]",1250-1800,,,,,
Львов,5,3,C++,1700,700,50 - 200 человек,"(3, 7]","(1.5, 3]",1250-1800,,,,,
Киев,5,3,C#/.NET,1700,1000,больше 200 человек,"(3, 7]","(1.5, 3]",1250-1800,,,,,
другой,7,3,Java,1700,200,больше 200 человек,> 7,"(1.5, 3]",1250-1800,,,,,
Киев,4,4,QA/Testing,1700,500,больше 200 человек,"(3, 7]",> 3,1250-1800,,,,,
Киев,5,4,QA/Testing,1700,1000,больше 200 человек,"(3, 7]",> 3,1250-1800,,,,,
Киев,10,5,Embedded,1700,1000,10 - 50 человек,> 7,> 3,1250-1800,,,,,
Львов,10,5,Project manager,1700,800,50 - 200 человек,> 7,> 3,1250-1800,,,,,
Киев,7,1.5,C#/.NET,1725,750,больше 200 человек,> 7,"(0.5, 1.5]",1250-1800,,,,,
Киев,5,0.6,Project manager,1750,600,10 - 50 человек,"(3, 7]","(0.5, 1.5]",1250-1800,,,,,
Киев,10,0.8,PHP,1750,250,10 - 50 человек,> 7,"(0.5, 1.5]",1250-1800,,,,,
Киев,6,1.5,Oracle,1750,625,меньше 10 человек,"(3, 7]","(0.5, 1.5]",1250-1800,,,,,
Киев,7,2,C#/.NET,1750,250,больше 200 человек,> 7,"(1.5, 3]",1250-1800,,,,,
Киев,12,2,Oracle,1750,400,больше 200 человек,> 7,"(1.5, 3]",1250-1800,,,,,
Киев,7,5,Oracle,1750,300,меньше 10 человек,> 7,> 3,1250-1800,,,,,
Киев,4,0,C#/.NET,1800,,больше 200 человек,"(3, 7]",≤ 0.5,1250-1800,,,,,
Киев,5,0.1,C#/.NET,1800,500,больше 200 человек,"(3, 7]",≤ 0.5,1250-1800,,,,,
Киев,10,0.1,PHP,1800,700,10 - 50 человек,> 7,≤ 0.5,1250-1800,,,,,
другой,3.5,0.2,Java,1800,700,10 - 50 человек,"(3, 7]",≤ 0.5,1250-1800,,,,,
Львов,3,0.25,Flex/Flash/AIR,1800,0,50 - 200 человек,"(1, 3]",≤ 0.5,1250-1800,,,,,
Харьков,4,0.25,Java,1800,500,меньше 10 человек,"(3, 7]",≤ 0.5,1250-1800,,,,,
другой,2,0.3,PHP,1800,500,10 - 50 человек,"(1, 3]",≤ 0.5,1250-1800,,,,,
Харьков,14,0.4,C++,1800,500,больше 200 человек,> 7,≤ 0.5,1250-1800,,,,,
Харьков,3,0.5,C#/.NET,1800,700,10 - 50 человек,"(1, 3]",≤ 0.5,1250-1800,,,,,
Киев,4,0.5,C++,1800,300,больше 200 человек,"(3, 7]",≤ 0.5,1250-1800,,,,,
Киев,6,0.5,Flex/Flash/AIR,1800,500,больше 200 человек,"(3, 7]",≤ 0.5,1250-1800,,,,,
Киев,7,0.5,Flex/Flash/AIR,1800,200,10 - 50 человек,> 7,≤ 0.5,1250-1800,,,,,
Киев,3,0.6,Python,1800,1000,меньше 10 человек,"(1, 3]","(0.5, 1.5]",1250-1800,,,,,
Киев,6,0.7,C#/.NET,1800,300,меньше 10 человек,"(3, 7]","(0.5, 1.5]",1250-1800,,,,,
Киев,4,0.8,PHP,1800,400,больше 200 человек,"(3, 7]","(0.5, 1.5]",1250-1800,,,,,
Киев,4.5,0.9,C#/.NET,1800,600,50 - 200 человек,"(3, 7]","(0.5, 1.5]",1250-1800,,,,,
Львов,3,1,Flex/Flash/AIR,1800,1000,меньше 10 человек,"(1, 3]","(0.5, 1.5]",1250-1800,,,,,
Киев,4,1,QA/Testing,1800,500,50 - 200 человек,"(3, 7]","(0.5, 1.5]",1250-1800,,,,,
Киев,4,1,PHP,1800,700,больше 200 человек,"(3, 7]","(0.5, 1.5]",1250-1800,,,,,
Киев,5,1,C#/.NET,1800,1200,больше 200 человек,"(3, 7]","(0.5, 1.5]",1250-1800,,,,,
другой,5,1,PHP,1800,600,10 - 50 человек,"(3, 7]","(0.5, 1.5]",1250-1800,,,,,
Киев,5,1,C#/.NET,1800,400,меньше 10 человек,"(3, 7]","(0.5, 1.5]",1250-1800,,,,,
Киев,5,1,C#/.NET,1800,300,больше 200 человек,"(3, 7]","(0.5, 1.5]",1250-1800,,,,,
Харьков,5,1,C#/.NET,1800,300,10 - 50 человек,"(3, 7]","(0.5, 1.5]",1250-1800,,,,,
другой,3,1.5,Java,1800,600,больше 200 человек,"(1, 3]","(0.5, 1.5]",1250-1800,,,,,
Киев,4,1.5,Flex/Flash/AIR,1800,500,больше 200 человек,"(3, 7]","(0.5, 1.5]",1250-1800,,,,,
Львов,7,1.6,C#/.NET,1800,500,10 - 50 человек,> 7,"(1.5, 3]",1250-1800,,,,,
Киев,1.5,2,Java,1800,500,50 - 200 человек,"(1, 3]","(1.5, 3]",1250-1800,,,,,
Львов,4,2,QA/Testing,1800,700,меньше 10 человек,"(3, 7]","(1.5, 3]",1250-1800,,,,,
Киев,4,2,C#/.NET,1800,500,больше 200 человек,"(3, 7]","(1.5, 3]",1250-1800,,,,,
Львов,10,2,PHP,1800,1000,меньше 10 человек,> 7,"(1.5, 3]",1250-1800,,,,,
Киев,2.5,2.5,C#/.NET,1800,800,больше 200 человек,"(1, 3]","(1.5, 3]",1250-1800,,,,,
Киев,3.5,3,Embedded,1800,400,больше 200 человек,"(3, 7]","(1.5, 3]",1250-1800,,,,,
Харьков,4,3,C#/.NET,1800,500,50 - 200 человек,"(3, 7]","(1.5, 3]",1250-1800,,,,,
Львов,4,3,QA/Testing,1800,500,больше 200 человек,"(3, 7]","(1.5, 3]",1250-1800,,,,,
другой,5,3,PHP,1800,1000,10 - 50 человек,"(3, 7]","(1.5, 3]",1250-1800,,,,,
другой,5,3,PHP,1800,1000,10 - 50 человек,"(3, 7]","(1.5, 3]",1250-1800,,,,,
Киев,7,3,C#/.NET,1800,700,50 - 200 человек,> 7,"(1.5, 3]",1250-1800,,,,,
Львов,10,3.5,C#/.NET,1800,300,больше 200 человек,> 7,> 3,1250-1800,,,,,
Киев,4,4,QA/Testing,1800,500,50 - 200 человек,"(3, 7]",> 3,1250-1800,,,,,
другой,6,4,Java,1800,1000,10 - 50 человек,"(3, 7]",> 3,1250-1800,,,,,
другой,7,4,C++,1800,700,50 - 200 человек,> 7,> 3,1250-1800,,,,,
Киев,7,4,PHP,1800,500,меньше 10 человек,> 7,> 3,1250-1800,,,,,
Харьков,5,5,C#/.NET,1800,300,больше 200 человек,"(3, 7]",> 3,1250-1800,,,,,
Харьков,7,5,QA/Testing,1800,600,больше 200 человек,> 7,> 3,1250-1800,,,,,
другой,10,5,C#/.NET,1800,1000,50 - 200 человек,> 7,> 3,1250-1800,,,,,
Львов,12,5,Oracle,1800,,больше 200 человек,> 7,> 3,1250-1800,,,,,
Львов,15,6,C++,1800,1200,50 - 200 человек,> 7,> 3,1250-1800,,,,,
другой,19,10,Oracle,1800,700,10 - 50 человек,> 7,> 3,1250-1800,,,,,
Харьков,13,13,C#/.NET,1800,900,больше 200 человек,> 7,> 3,1250-1800,,,,,
Киев,12,1.7,Oracle,1857.5,625,50 - 200 человек,> 7,"(1.5, 3]",1850-2500,,,,,
Киев,3.5,1.5,Project manager,1875,750,10 - 50 человек,"(3, 7]","(0.5, 1.5]",1850-2500,,,,,
Киев,11,3,Oracle,1875,625,50 - 200 человек,> 7,"(1.5, 3]",1850-2500,,,,,
Киев,2.5,0.2,Java,1900,1000,больше 200 человек,"(1, 3]",≤ 0.5,1850-2500,,,,,
Киев,9,0.2,C#/.NET,1900,600,больше 200 человек,> 7,≤ 0.5,1850-2500,,,,,
Киев,3,0.25,C#/.NET,1900,1100,10 - 50 человек,"(1, 3]",≤ 0.5,1850-2500,,,,,
Харьков,4,0.25,C#/.NET,1900,500,50 - 200 человек,"(3, 7]",≤ 0.5,1850-2500,,,,,
Киев,4.5,0.5,C#/.NET,1900,700,больше 200 человек,"(3, 7]",≤ 0.5,1850-2500,,,,,
Харьков,10,0.5,C#/.NET,1900,700,больше 200 человек,> 7,≤ 0.5,1850-2500,,,,,
Киев,4,1,Java,1900,500,больше 200 человек,"(3, 7]","(0.5, 1.5]",1850-2500,,,,,
Киев,4,1,Java,1900,600,50 - 200 человек,"(3, 7]","(0.5, 1.5]",1850-2500,,,,,
Львов,4,1,C#/.NET,1900,500,10 - 50 человек,"(3, 7]","(0.5, 1.5]",1850-2500,,,,,
другой,5,1,Mobile,1900,400,больше 200 человек,"(3, 7]","(0.5, 1.5]",1850-2500,,,,,
Киев,7,1,C#/.NET,1900,500,10 - 50 человек,> 7,"(0.5, 1.5]",1850-2500,,,,,
Львов,8,2,Oracle,1900,500,больше 200 человек,> 7,"(1.5, 3]",1850-2500,,,,,
Харьков,10,2,C#/.NET,1900,400,10 - 50 человек,> 7,"(1.5, 3]",1850-2500,,,,,
Киев,2.5,2.5,HTML/CSS/JavaScript,1900,500,больше 200 человек,"(1, 3]","(1.5, 3]",1850-2500,,,,,
Киев,3,3,Java,1900,600,больше 200 человек,"(1, 3]","(1.5, 3]",1850-2500,,,,,
Киев,5,3,C++,1900,500,50 - 200 человек,"(3, 7]","(1.5, 3]",1850-2500,,,,,
другой,5,4,C#/.NET,1900,500,больше 200 человек,"(3, 7]",> 3,1850-2500,,,,,
Киев,5,5,QA/Testing,1900,500,50 - 200 человек,"(3, 7]",> 3,1850-2500,,,,,
Львов,7,5,Embedded,1900,400,50 - 200 человек,> 7,> 3,1850-2500,,,,,
Харьков,8,5,C#/.NET,1900,400,больше 200 человек,> 7,> 3,1850-2500,,,,,
Киев,10,0.25,Embedded,1950,1950,10 - 50 человек,> 7,≤ 0.5,1850-2500,,,,,
Львов,8,1,Flex/Flash/AIR,1950,300,50 - 200 человек,> 7,"(0.5, 1.5]",1850-2500,,,,,
другой,10,1.25,C#/.NET,1950,1000,меньше 10 человек,> 7,"(0.5, 1.5]",1850-2500,,,,,
Харьков,3,0,C#/.NET,2000,500,больше 200 человек,"(1, 3]",≤ 0.5,1850-2500,,,,,
Киев,3,0.1,C#/.NET,2000,,50 - 200 человек,"(1, 3]",≤ 0.5,1850-2500,,,,,
Киев,9,0.1,Embedded,2000,600,больше 200 человек,> 7,≤ 0.5,1850-2500,,,,,
Львов,6,0.2,Java,2000,400,больше 200 человек,"(3, 7]",≤ 0.5,1850-2500,,,,,
Киев,2,0.25,Java,2000,700,10 - 50 человек,"(1, 3]",≤ 0.5,1850-2500,,,,,
Киев,4,0.25,PHP,2000,400,больше 200 человек,"(3, 7]",≤ 0.5,1850-2500,,,,,
Киев,4,0.3,Java,2000,500,больше 200 человек,"(3, 7]",≤ 0.5,1850-2500,,,,,
Киев,9,0.3,C#/.NET,2000,400,меньше 10 человек,> 7,≤ 0.5,1850-2500,,,,,
Киев,4,0.4,Objective-C,2000,500,50 - 200 человек,"(3, 7]",≤ 0.5,1850-2500,,,,,
Киев,8,0.4,C#/.NET,2000,,больше 200 человек,> 7,≤ 0.5,1850-2500,,,,,
Киев,2,0.5,Objective-C,2000,1000,50 - 200 человек,"(1, 3]",≤ 0.5,1850-2500,,,,,
Харьков,5,0.5,C#/.NET,2000,2000,10 - 50 человек,"(3, 7]",≤ 0.5,1850-2500,,,,,
Киев,6,0.5,Project manager,2000,1000,меньше 10 человек,"(3, 7]",≤ 0.5,1850-2500,,,,,
Киев,8,0.5,Oracle,2000,500,меньше 10 человек,> 7,≤ 0.5,1850-2500,,,,,
Харьков,10,0.5,C#/.NET,2000,1000,больше 200 человек,> 7,≤ 0.5,1850-2500,,,,,
Киев,12,0.5,PHP,2000,700,10 - 50 человек,> 7,≤ 0.5,1850-2500,,,,,
Киев,13,0.5,Java,2000,1000,50 - 200 человек,> 7,≤ 0.5,1850-2500,,,,,
Киев,3,0.9,PHP,2000,500,меньше 10 человек,"(1, 3]","(0.5, 1.5]",1850-2500,,,,,
Киев,2,1,Java,2000,1000,больше 200 человек,"(1, 3]","(0.5, 1.5]",1850-2500,,,,,
Харьков,3,1,Python,2000,1000,10 - 50 человек,"(1, 3]","(0.5, 1.5]",1850-2500,,,,,
Харьков,3,1,Project manager,2000,500,50 - 200 человек,"(1, 3]","(0.5, 1.5]",1850-2500,,,,,
Львов,4,1,C++,2000,500,10 - 50 человек,"(3, 7]","(0.5, 1.5]",1850-2500,,,,,
Киев,4,1,Java,2000,500,больше 200 человек,"(3, 7]","(0.5, 1.5]",1850-2500,,,,,
Киев,4,1,C#/.NET,2000,500,10 - 50 человек,"(3, 7]","(0.5, 1.5]",1850-2500,,,,,
Харьков,4,1,PHP,2000,4000,меньше 10 человек,"(3, 7]","(0.5, 1.5]",1850-2500,,,,,
Киев,5,1,PHP,2000,30,больше 200 человек,"(3, 7]","(0.5, 1.5]",1850-2500,,,,,
Харьков,5,1,QA/Testing,2000,700,больше 200 человек,"(3, 7]","(0.5, 1.5]",1850-2500,,,,,
Харьков,5,1,C#/.NET,2000,500,50 - 200 человек,"(3, 7]","(0.5, 1.5]",1850-2500,,,,,
Львов,5,1,HTML/CSS/JavaScript,2000,500,50 - 200 человек,"(3, 7]","(0.5, 1.5]",1850-2500,,,,,
Харьков,6,1,Project manager,2000,500,больше 200 человек,"(3, 7]","(0.5, 1.5]",1850-2500,,,,,
Киев,6,1,QA/Testing,2000,1000,больше 200 человек,"(3, 7]","(0.5, 1.5]",1850-2500,,,,,
Киев,7,1,PHP,2000,500,больше 200 человек,> 7,"(0.5, 1.5]",1850-2500,,,,,
Киев,8,1,PHP,2000,500,больше 200 человек,> 7,"(0.5, 1.5]",1850-2500,,,,,
Киев,10,1,Java,2000,500,больше 200 человек,> 7,"(0.5, 1.5]",1850-2500,,,,,
Киев,12,1,Embedded,2000,400,больше 200 человек,> 7,"(0.5, 1.5]",1850-2500,,,,,
Киев,5,1.2,Mobile,2000,500,10 - 50 человек,"(3, 7]","(0.5, 1.5]",1850-2500,,,,,
другой,4,1.5,PHP,2000,2000,10 - 50 человек,"(3, 7]","(0.5, 1.5]",1850-2500,,,,,
Киев,4.5,1.5,C++,2000,2000,меньше 10 человек,"(3, 7]","(0.5, 1.5]",1850-2500,,,,,
Харьков,5,1.5,C#/.NET,2000,500,10 - 50 человек,"(3, 7]","(0.5, 1.5]",1850-2500,,,,,
Киев,2,2,Objective-C,2000,500,меньше 10 человек,"(1, 3]","(1.5, 3]",1850-2500,,,,,
Киев,2,2,PHP,2000,600,10 - 50 человек,"(1, 3]","(1.5, 3]",1850-2500,,,,,
Киев,3,2,QA/Testing,2000,500,10 - 50 человек,"(1, 3]","(1.5, 3]",1850-2500,,,,,
Киев,4,2,Mobile,2000,500,10 - 50 человек,"(3, 7]","(1.5, 3]",1850-2500,,,,,
Киев,4.5,2,Python,2000,500,10 - 50 человек,"(3, 7]","(1.5, 3]",1850-2500,,,,,
Киев,5,2,C++,2000,1000,меньше 10 человек,"(3, 7]","(1.5, 3]",1850-2500,,,,,
Львов,5,2,Java,2000,1000,10 - 50 человек,"(3, 7]","(1.5, 3]",1850-2500,,,,,
Харьков,5,2,C#/.NET,2000,800,больше 200 человек,"(3, 7]","(1.5, 3]",1850-2500,,,,,
другой,5,2,C#/.NET,2000,,больше 200 человек,"(3, 7]","(1.5, 3]",1850-2500,,,,,
другой,6,2,C#/.NET,2000,600,больше 200 человек,"(3, 7]","(1.5, 3]",1850-2500,,,,,
Киев,6,2,Java,2000,500,больше 200 человек,"(3, 7]","(1.5, 3]",1850-2500,,,,,
Киев,6,2,C#/.NET,2000,600,меньше 10 человек,"(3, 7]","(1.5, 3]",1850-2500,,,,,
Киев,7,2,Gamedev,2000,500,меньше 10 человек,> 7,"(1.5, 3]",1850-2500,,,,,
Харьков,7,2,PHP,2000,900,50 - 200 человек,> 7,"(1.5, 3]",1850-2500,,,,,
Харьков,10,2,C#/.NET,2000,300,50 - 200 человек,> 7,"(1.5, 3]",1850-2500,,,,,
Киев,10,2,Project manager,2000,500,меньше 10 человек,> 7,"(1.5, 3]",1850-2500,,,,,
Киев,11,2,C#/.NET,2000,1000,больше 200 человек,> 7,"(1.5, 3]",1850-2500,,,,,
Киев,12,2,C#/.NET,2000,1000,10 - 50 человек,> 7,"(1.5, 3]",1850-2500,,,,,
Киев,4,2.5,Java,2000,,больше 200 человек,"(3, 7]","(1.5, 3]",1850-2500,,,,,
Киев,5,2.5,C++,2000,500,больше 200 человек,"(3, 7]","(1.5, 3]",1850-2500,,,,,
Львов,7,2.5,C#/.NET,2000,400,меньше 10 человек,> 7,"(1.5, 3]",1850-2500,,,,,
Киев,10,2.5,PHP,2000,700,больше 200 человек,> 7,"(1.5, 3]",1850-2500,,,,,
Харьков,3,3,Gamedev,2000,500,10 - 50 человек,"(1, 3]","(1.5, 3]",1850-2500,,,,,
другой,3,3,Embedded,2000,1000,больше 200 человек,"(1, 3]","(1.5, 3]",1850-2500,,,,,
Харьков,3,3,C#/.NET,2000,700,10 - 50 человек,"(1, 3]","(1.5, 3]",1850-2500,,,,,
Львов,3,3,Java,2000,600,50 - 200 человек,"(1, 3]","(1.5, 3]",1850-2500,,,,,
Харьков,4,3,Project manager,2000,1000,больше 200 человек,"(3, 7]","(1.5, 3]",1850-2500,,,,,
Харьков,5,3,C#/.NET,2000,500,10 - 50 человек,"(3, 7]","(1.5, 3]",1850-2500,,,,,
другой,6,3,C++,2000,400,больше 200 человек,"(3, 7]","(1.5, 3]",1850-2500,,,,,
Киев,6,3,HTML/CSS/JavaScript,2000,500,больше 200 человек,"(3, 7]","(1.5, 3]",1850-2500,,,,,
другой,6,3,Java,2000,1000,больше 200 человек,"(3, 7]","(1.5, 3]",1850-2500,,,,,
Киев,8,3,Oracle,2000,2000,больше 200 человек,> 7,"(1.5, 3]",1850-2500,,,,,
Киев,9,3,PHP,2000,2000,меньше 10 человек,> 7,"(1.5, 3]",1850-2500,,,,,
Киев,10,3,HTML/CSS/JavaScript,2000,500,больше 200 человек,> 7,"(1.5, 3]",1850-2500,,,,,
Харьков,5,3.5,Java,2000,1500,50 - 200 человек,"(3, 7]",> 3,1850-2500,,,,,
Харьков,6,4,Mobile,2000,300,больше 200 человек,"(3, 7]",> 3,1850-2500,,,,,
другой,10,4,C++,2000,300,больше 200 человек,> 7,> 3,1850-2500,,,,,
другой,12,4,Objective-C,2000,1000,50 - 200 человек,> 7,> 3,1850-2500,,,,,
Львов,13,4,Embedded,2000,200,50 - 200 человек,> 7,> 3,1850-2500,,,,,
другой,13,4,C#/.NET,2000,1000,меньше 10 человек,> 7,> 3,1850-2500,,,,,
Киев,5,5,Project manager,2000,1000,50 - 200 человек,"(3, 7]",> 3,1850-2500,,,,,
Киев,5,5,Java,2000,500,больше 200 человек,"(3, 7]",> 3,1850-2500,,,,,
Киев,6,5,QA/Testing,2000,500,10 - 50 человек,"(3, 7]",> 3,1850-2500,,,,,
Киев,7,5,QA/Testing,2000,800,больше 200 человек,> 7,> 3,1850-2500,,,,,
Киев,7,5,Project manager,2000,750,больше 200 человек,> 7,> 3,1850-2500,,,,,
Львов,10,5,C#/.NET,2000,500,10 - 50 человек,> 7,> 3,1850-2500,,,,,
другой,10,5,Java,2000,300,меньше 10 человек,> 7,> 3,1850-2500,,,,,
другой,20,5,Java,2000,1000,больше 200 человек,> 7,> 3,1850-2500,,,,,
Киев,10,6,Oracle,2000,100,50 - 200 человек,> 7,> 3,1850-2500,,,,,
Харьков,10,6,C#/.NET,2000,1000,меньше 10 человек,> 7,> 3,1850-2500,,,,,
другой,10,6,Project manager,2000,1000,10 - 50 человек,> 7,> 3,1850-2500,,,,,
другой,7,7,PHP,2000,,меньше 10 человек,> 7,> 3,1850-2500,,,,,
другой,8,7,Project manager,2000,2000,больше 200 человек,> 7,> 3,1850-2500,,,,,
Киев,11,7,C#/.NET,2000,700,50 - 200 человек,> 7,> 3,1850-2500,,,,,
Киев,5,8,Java,2000,1000,больше 200 человек,"(3, 7]",> 3,1850-2500,,,,,
Киев,12,8,C#/.NET,2000,500,больше 200 человек,> 7,> 3,1850-2500,,,,,
Киев,11,10,Java,2000,,больше 200 человек,> 7,> 3,1850-2500,,,,,
Киев,18,12,Project manager,2000,2000,меньше 10 человек,> 7,> 3,1850-2500,,,,,
Львов,14,14,Project manager,2000,1500,больше 200 человек,> 7,> 3,1850-2500,,,,,
другой,17,14,Java,2000,2000,10 - 50 человек,> 7,> 3,1850-2500,,,,,
Харьков,15,6,C#/.NET,2050,500,больше 200 человек,> 7,> 3,1850-2500,,,,,
Львов,5,0.5,C#/.NET,2100,0,10 - 50 человек,"(3, 7]",≤ 0.5,1850-2500,,,,,
Киев,4,0.75,Java,2100,700,больше 200 человек,"(3, 7]","(0.5, 1.5]",1850-2500,,,,,
Киев,4,1,Flex/Flash/AIR,2100,500,10 - 50 человек,"(3, 7]","(0.5, 1.5]",1850-2500,,,,,
Киев,15,1,C#/.NET,2100,500,больше 200 человек,> 7,"(0.5, 1.5]",1850-2500,,,,,
Львов,7,1.5,Java,2100,500,50 - 200 человек,> 7,"(0.5, 1.5]",1850-2500,,,,,
Киев,3,2,Flex/Flash/AIR,2100,900,больше 200 человек,"(1, 3]","(1.5, 3]",1850-2500,,,,,
Харьков,7,2,QA/Testing,2100,700,больше 200 человек,> 7,"(1.5, 3]",1850-2500,,,,,
Киев,10,2,C++,2100,700,50 - 200 человек,> 7,"(1.5, 3]",1850-2500,,,,,
Киев,6.5,2.5,Project manager,2100,400,больше 200 человек,"(3, 7]","(1.5, 3]",1850-2500,,,,,
Киев,3,3,C#/.NET,2100,600,50 - 200 человек,"(1, 3]","(1.5, 3]",1850-2500,,,,,
Киев,10,3,C#/.NET,2100,300,больше 200 человек,> 7,"(1.5, 3]",1850-2500,,,,,
Киев,8,3.5,C++,2100,500,50 - 200 человек,> 7,> 3,1850-2500,,,,,
Киев,7,4,QA/Testing,2100,500,больше 200 человек,> 7,> 3,1850-2500,,,,,
Киев,5,5,Objective-C,2100,500,больше 200 человек,"(3, 7]",> 3,1850-2500,,,,,
Киев,7,5,C#/.NET,2100,900,больше 200 человек,> 7,> 3,1850-2500,,,,,
Киев,9,6,Project manager,2100,500,больше 200 человек,> 7,> 3,1850-2500,,,,,
Киев,4,0.4,Java,2150,350,больше 200 человек,"(3, 7]",≤ 0.5,1850-2500,,,,,
Киев,17,0.4,Oracle,2200,300,50 - 200 человек,> 7,≤ 0.5,1850-2500,,,,,
Киев,3,0.9,C#/.NET,2200,500,10 - 50 человек,"(1, 3]","(0.5, 1.5]",1850-2500,,,,,
Киев,2,1,Java,2200,1000,50 - 200 человек,"(1, 3]","(0.5, 1.5]",1850-2500,,,,,
Киев,6,1,Embedded,2200,400,50 - 200 человек,"(3, 7]","(0.5, 1.5]",1850-2500,,,,,
другой,13,1,C#/.NET,2200,500,меньше 10 человек,> 7,"(0.5, 1.5]",1850-2500,,,,,
Киев,4,1.5,QA/Testing,2200,500,50 - 200 человек,"(3, 7]","(0.5, 1.5]",1850-2500,,,,,
другой,5,1.5,PHP,2200,500,10 - 50 человек,"(3, 7]","(0.5, 1.5]",1850-2500,,,,,
Львов,4.5,2,Oracle,2200,200,больше 200 человек,"(3, 7]","(1.5, 3]",1850-2500,,,,,
Киев,5,2,Project manager,2200,500,50 - 200 человек,"(3, 7]","(1.5, 3]",1850-2500,,,,,
Киев,5,2,C#/.NET,2200,600,больше 200 человек,"(3, 7]","(1.5, 3]",1850-2500,,,,,
Харьков,6,2,C#/.NET,2200,500,10 - 50 человек,"(3, 7]","(1.5, 3]",1850-2500,,,,,
Харьков,7,2,Java,2200,800,50 - 200 человек,> 7,"(1.5, 3]",1850-2500,,,,,
Киев,7,2,Java,2200,800,больше 200 человек,> 7,"(1.5, 3]",1850-2500,,,,,
Киев,8,2.3,Mobile,2200,500,50 - 200 человек,> 7,"(1.5, 3]",1850-2500,,,,,
другой,4,3,Ruby/Rails,2200,1000,50 - 200 человек,"(3, 7]","(1.5, 3]",1850-2500,,,,,
Киев,4.5,3,C#/.NET,2200,500,больше 200 человек,"(3, 7]","(1.5, 3]",1850-2500,,,,,
Киев,6,3,C#/.NET,2200,500,меньше 10 человек,"(3, 7]","(1.5, 3]",1850-2500,,,,,
другой,10,3,Mobile,2200,500,10 - 50 человек,> 7,"(1.5, 3]",1850-2500,,,,,
Львов,6,4,Java,2200,1000,больше 200 человек,"(3, 7]",> 3,1850-2500,,,,,
Киев,7,4,C++,2200,600,больше 200 человек,> 7,> 3,1850-2500,,,,,
Львов,15,5,QA/Testing,2200,400,больше 200 человек,> 7,> 3,1850-2500,,,,,
другой,10,6,Project manager,2200,800,10 - 50 человек,> 7,> 3,1850-2500,,,,,
Харьков,10,3,QA/Testing,2210,780,10 - 50 человек,> 7,"(1.5, 3]",1850-2500,,,,,
другой,6,6,C++,2250,1000,больше 200 человек,"(3, 7]",> 3,1850-2500,,,,,
другой,7,7,Java,2250,300,больше 200 человек,> 7,> 3,1850-2500,,,,,
Киев,3,0.1,Java,2300,400,больше 200 человек,"(1, 3]",≤ 0.5,1850-2500,,,,,
Киев,4,0.25,Objective-C,2300,400,больше 200 человек,"(3, 7]",≤ 0.5,1850-2500,,,,,
Львов,5,0.3,Java,2300,500,больше 200 человек,"(3, 7]",≤ 0.5,1850-2500,,,,,
Львов,6,0.41,Java,2300,500,больше 200 человек,"(3, 7]",≤ 0.5,1850-2500,,,,,
Киев,5,0.5,C#/.NET,2300,400,больше 200 человек,"(3, 7]",≤ 0.5,1850-2500,,,,,
Киев,6,0.5,Mobile,2300,460,50 - 200 человек,"(3, 7]",≤ 0.5,1850-2500,,,,,
Киев,4,1,Embedded,2300,300,больше 200 человек,"(3, 7]","(0.5, 1.5]",1850-2500,,,,,
Киев,8,1,Java,2300,200,больше 200 человек,> 7,"(0.5, 1.5]",1850-2500,,,,,
Киев,4,2,C#/.NET,2300,500,больше 200 человек,"(3, 7]","(1.5, 3]",1850-2500,,,,,
Киев,4,2,Java,2300,500,10 - 50 человек,"(3, 7]","(1.5, 3]",1850-2500,,,,,
другой,5,2,Java,2300,,50 - 200 человек,"(3, 7]","(1.5, 3]",1850-2500,,,,,
Киев,7,2,Java,2300,700,больше 200 человек,> 7,"(1.5, 3]",1850-2500,,,,,
Киев,8,2,HTML/CSS/JavaScript,2300,500,10 - 50 человек,> 7,"(1.5, 3]",1850-2500,,,,,
другой,8,2,C#/.NET,2300,700,меньше 10 человек,> 7,"(1.5, 3]",1850-2500,,,,,
Киев,3.5,2.5,Python,2300,1150,50 - 200 человек,"(3, 7]","(1.5, 3]",1850-2500,,,,,
другой,4.5,2.5,Java,2300,500,больше 200 человек,"(3, 7]","(1.5, 3]",1850-2500,,,,,
Киев,4,3,Java,2300,1000,больше 200 человек,"(3, 7]","(1.5, 3]",1850-2500,,,,,
Киев,5,3,Java,2300,500,10 - 50 человек,"(3, 7]","(1.5, 3]",1850-2500,,,,,
другой,6,3,PHP,2300,700,меньше 10 человек,"(3, 7]","(1.5, 3]",1850-2500,,,,,
Киев,6,3,C#/.NET,2300,500,больше 200 человек,"(3, 7]","(1.5, 3]",1850-2500,,,,,
Львов,7,4,C++,2300,1000,больше 200 человек,> 7,> 3,1850-2500,,,,,
Киев,10,6,Oracle,2300,700,больше 200 человек,> 7,> 3,1850-2500,,,,,
другой,4,1,Java,2350,1000,50 - 200 человек,"(3, 7]","(0.5, 1.5]",1850-2500,,,,,
Киев,7,1,Python,2350,700,10 - 50 человек,> 7,"(0.5, 1.5]",1850-2500,,,,,
Киев,5,0.1,C++,2400,500,больше 200 человек,"(3, 7]",≤ 0.5,1850-2500,,,,,
Киев,3,0.4,Java,2400,300,больше 200 человек,"(1, 3]",≤ 0.5,1850-2500,,,,,
Киев,8,0.5,Project manager,2400,600,10 - 50 человек,> 7,≤ 0.5,1850-2500,,,,,
Киев,4,1,C#/.NET,2400,400,больше 200 человек,"(3, 7]","(0.5, 1.5]",1850-2500,,,,,
другой,5.5,1,Objective-C,2400,500,больше 200 человек,"(3, 7]","(0.5, 1.5]",1850-2500,,,,,
Киев,12,1,C#/.NET,2400,1000,10 - 50 человек,> 7,"(0.5, 1.5]",1850-2500,,,,,
Киев,5,1.5,C#/.NET,2400,600,больше 200 человек,"(3, 7]","(0.5, 1.5]",1850-2500,,,,,
Киев,3.5,3,Flex/Flash/AIR,2400,600,меньше 10 человек,"(3, 7]","(1.5, 3]",1850-2500,,,,,
другой,6,3,PHP,2400,600,меньше 10 человек,"(3, 7]","(1.5, 3]",1850-2500,,,,,
Киев,10,4,C#/.NET,2400,500,10 - 50 человек,> 7,> 3,1850-2500,,,,,
Киев,8,0.1,Objective-C,2500,500,больше 200 человек,> 7,≤ 0.5,1850-2500,,,,,
Киев,2,0.2,C++,2500,700,больше 200 человек,"(1, 3]",≤ 0.5,1850-2500,,,,,
другой,3,0.2,Python,2500,1000,меньше 10 человек,"(1, 3]",≤ 0.5,1850-2500,,,,,
Киев,3,0.25,Python,2500,1000,меньше 10 человек,"(1, 3]",≤ 0.5,1850-2500,,,,,
Киев,5,0.25,Ruby/Rails,2500,500,меньше 10 человек,"(3, 7]",≤ 0.5,1850-2500,,,,,
Киев,4,0.3,C#/.NET,2500,500,50 - 200 человек,"(3, 7]",≤ 0.5,1850-2500,,,,,
другой,6,0.3,C#/.NET,2500,500,больше 200 человек,"(3, 7]",≤ 0.5,1850-2500,,,,,
Киев,4,0.5,Objective-C,2500,300,50 - 200 человек,"(3, 7]",≤ 0.5,1850-2500,,,,,
Киев,4,0.5,C#/.NET,2500,1500,10 - 50 человек,"(3, 7]",≤ 0.5,1850-2500,,,,,
Киев,10,0.5,Mobile,2500,500,10 - 50 человек,> 7,≤ 0.5,1850-2500,,,,,
Киев,4,0.6,Java,2500,500,больше 200 человек,"(3, 7]","(0.5, 1.5]",1850-2500,,,,,
Харьков,4,0.6,C#/.NET,2500,500,10 - 50 человек,"(3, 7]","(0.5, 1.5]",1850-2500,,,,,
другой,1,0.8,Java,2500,1000,10 - 50 человек,≤ 1,"(0.5, 1.5]",1850-2500,,,,,
Киев,9,0.8,Oracle,2500,700,больше 200 человек,> 7,"(0.5, 1.5]",1850-2500,,,,,
Киев,10,0.9,Project manager,2500,500,больше 200 человек,> 7,"(0.5, 1.5]",1850-2500,,,,,
Киев,4,1,Java,2500,500,10 - 50 человек,"(3, 7]","(0.5, 1.5]",1850-2500,,,,,
Киев,5,1,Java,2500,500,больше 200 человек,"(3, 7]","(0.5, 1.5]",1850-2500,,,,,
Киев,5,1,C#/.NET,2500,300,меньше 10 человек,"(3, 7]","(0.5, 1.5]",1850-2500,,,,,
Киев,6,1,QA/Testing,2500,300,больше 200 человек,"(3, 7]","(0.5, 1.5]",1850-2500,,,,,
другой,7,1,Embedded,2500,2500,меньше 10 человек,> 7,"(0.5, 1.5]",1850-2500,,,,,
Киев,7,1,Java,2500,300,больше 200 человек,> 7,"(0.5, 1.5]",1850-2500,,,,,
Киев,8,1,C#/.NET,2500,2000,больше 200 человек,> 7,"(0.5, 1.5]",1850-2500,,,,,
Харьков,8,1,Objective-C,2500,500,50 - 200 человек,> 7,"(0.5, 1.5]",1850-2500,,,,,
Киев,10,1.1,Java,2500,300,больше 200 человек,> 7,"(0.5, 1.5]",1850-2500,,,,,
Киев,8,1.2,Ruby/Rails,2500,2500,50 - 200 человек,> 7,"(0.5, 1.5]",1850-2500,,,,,
Харьков,7,1.25,Java,2500,500,10 - 50 человек,> 7,"(0.5, 1.5]",1850-2500,,,,,
другой,6,1.5,C#/.NET,2500,1000,меньше 10 человек,"(3, 7]","(0.5, 1.5]",1850-2500,,,,,
Киев,6,1.5,Ruby/Rails,2500,1000,10 - 50 человек,"(3, 7]","(0.5, 1.5]",1850-2500,,,,,
Киев,5,1.6,C#/.NET,2500,500,50 - 200 человек,"(3, 7]","(1.5, 3]",1850-2500,,,,,
Киев,4,2,Project manager,2500,1000,10 - 50 человек,"(3, 7]","(1.5, 3]",1850-2500,,,,,
Киев,4.5,2,C++,2500,500,50 - 200 человек,"(3, 7]","(1.5, 3]",1850-2500,,,,,
Киев,4.5,2,Java,2500,2000,10 - 50 человек,"(3, 7]","(1.5, 3]",1850-2500,,,,,
Киев,5,2,Java,2500,500,10 - 50 человек,"(3, 7]","(1.5, 3]",1850-2500,,,,,
Харьков,5,2,C#/.NET,2500,500,10 - 50 человек,"(3, 7]","(1.5, 3]",1850-2500,,,,,
Киев,5,2,QA/Testing,2500,1000,50 - 200 человек,"(3, 7]","(1.5, 3]",1850-2500,,,,,
Киев,6,2,PHP,2500,1000,меньше 10 человек,"(3, 7]","(1.5, 3]",1850-2500,,,,,
Киев,7,2,Python,2500,700,10 - 50 человек,> 7,"(1.5, 3]",1850-2500,,,,,
Киев,8,2,Python,2500,1000,50 - 200 человек,> 7,"(1.5, 3]",1850-2500,,,,,
Киев,8,2,C#/.NET,2500,500,меньше 10 человек,> 7,"(1.5, 3]",1850-2500,,,,,
Киев,10,2,C#/.NET,2500,500,больше 200 человек,> 7,"(1.5, 3]",1850-2500,,,,,
Киев,10,2,C#/.NET,2500,500,больше 200 человек,> 7,"(1.5, 3]",1850-2500,,,,,
Киев,5,2.5,C#/.NET,2500,500,10 - 50 человек,"(3, 7]","(1.5, 3]",1850-2500,,,,,
Харьков,5,2.5,Project manager,2500,500,50 - 200 человек,"(3, 7]","(1.5, 3]",1850-2500,,,,,
Киев,10,2.5,PHP,2500,500,больше 200 человек,> 7,"(1.5, 3]",1850-2500,,,,,
другой,4,3,C#/.NET,2500,1000,10 - 50 человек,"(3, 7]","(1.5, 3]",1850-2500,,,,,
Харьков,5,3,C#/.NET,2500,400,больше 200 человек,"(3, 7]","(1.5, 3]",1850-2500,,,,,
Харьков,6,3,C#/.NET,2500,500,10 - 50 человек,"(3, 7]","(1.5, 3]",1850-2500,,,,,
Харьков,6,3,C#/.NET,2500,500,10 - 50 человек,"(3, 7]","(1.5, 3]",1850-2500,,,,,
Киев,10,3,C#/.NET,2500,500,50 - 200 человек,> 7,"(1.5, 3]",1850-2500,,,,,
Киев,12,3,C#/.NET,2500,1000,больше 200 человек,> 7,"(1.5, 3]",1850-2500,,,,,
другой,3.5,3.5,C#/.NET,2500,,50 - 200 человек,"(3, 7]",> 3,1850-2500,,,,,
Киев,5,4,C++,2500,1000,10 - 50 человек,"(3, 7]",> 3,1850-2500,,,,,
Киев,8,4,C#/.NET,2500,,больше 200 человек,> 7,> 3,1850-2500,,,,,
Киев,10,4,Oracle,2500,1000,больше 200 человек,> 7,> 3,1850-2500,,,,,
Киев,11,4,C#/.NET,2500,700,больше 200 человек,> 7,> 3,1850-2500,,,,,
Киев,6,5,C++,2500,500,10 - 50 человек,"(3, 7]",> 3,1850-2500,,,,,
Киев,11,5,PHP,2500,500,меньше 10 человек,> 7,> 3,1850-2500,,,,,
Львов,10,6,C++,2500,400,50 - 200 человек,> 7,> 3,1850-2500,,,,,
другой,12,6,Java,2500,500,10 - 50 человек,> 7,> 3,1850-2500,,,,,
Киев,10,3.5,C++,2530,1500,больше 200 человек,> 7,> 3,> 2550,,,,,
Киев,10,5,C#/.NET,2550,100,50 - 200 человек,> 7,> 3,> 2550,,,,,
Львов,6,0.1,C#/.NET,2600,600,50 - 200 человек,"(3, 7]",≤ 0.5,> 2550,,,,,
Киев,7,0.1,C#/.NET,2600,800,больше 200 человек,> 7,≤ 0.5,> 2550,,,,,
Киев,6,0.2,Java,2600,200,10 - 50 человек,"(3, 7]",≤ 0.5,> 2550,,,,,
Киев,4,0.5,Java,2600,500,50 - 200 человек,"(3, 7]",≤ 0.5,> 2550,,,,,
Харьков,5,1,C#/.NET,2600,400,меньше 10 человек,"(3, 7]","(0.5, 1.5]",> 2550,,,,,
Киев,6,1,C#/.NET,2600,600,10 - 50 человек,"(3, 7]","(0.5, 1.5]",> 2550,,,,,
Киев,13,1.7,Project manager,2600,400,50 - 200 человек,> 7,"(1.5, 3]",> 2550,,,,,
Львов,5,2,C++,2600,400,больше 200 человек,"(3, 7]","(1.5, 3]",> 2550,,,,,
другой,7,2,C#/.NET,2600,700,больше 200 человек,> 7,"(1.5, 3]",> 2550,,,,,
Киев,9,2,C++,2600,300,меньше 10 человек,> 7,"(1.5, 3]",> 2550,,,,,
Киев,10,2,Project manager,2600,600,меньше 10 человек,> 7,"(1.5, 3]",> 2550,,,,,
Киев,5,3,Project manager,2600,1000,50 - 200 человек,"(3, 7]","(1.5, 3]",> 2550,,,,,
Киев,5,3,C#/.NET,2600,400,10 - 50 человек,"(3, 7]","(1.5, 3]",> 2550,,,,,
Львов,6,3,PHP,2600,400,50 - 200 человек,"(3, 7]","(1.5, 3]",> 2550,,,,,
Харьков,4,4,Gamedev,2600,1300,10 - 50 человек,"(3, 7]",> 3,> 2550,,,,,
Львов,7,5,C++,2600,400,больше 200 человек,> 7,> 3,> 2550,,,,,
Харьков,6,0.7,Java,2650,850,больше 200 человек,"(3, 7]","(0.5, 1.5]",> 2550,,,,,
Киев,5,0.1,Mobile,2700,2000,50 - 200 человек,"(3, 7]",≤ 0.5,> 2550,,,,,
Львов,16,0.2,Java,2700,2700,50 - 200 человек,> 7,≤ 0.5,> 2550,,,,,
Киев,7,0.3,C#/.NET,2700,800,больше 200 человек,> 7,≤ 0.5,> 2550,,,,,
Киев,6,0.4,Java,2700,300,больше 200 человек,"(3, 7]",≤ 0.5,> 2550,,,,,
Киев,15,1,C#/.NET,2700,500,больше 200 человек,> 7,"(0.5, 1.5]",> 2550,,,,,
Харьков,5,1.7,C#/.NET,2700,600,10 - 50 человек,"(3, 7]","(1.5, 3]",> 2550,,,,,
Киев,11,2.2,Project manager,2700,800,больше 200 человек,> 7,"(1.5, 3]",> 2550,,,,,
другой,5,2.5,PHP,2700,1000,50 - 200 человек,"(3, 7]","(1.5, 3]",> 2550,,,,,
другой,5,3,Java,2700,800,меньше 10 человек,"(3, 7]","(1.5, 3]",> 2550,,,,,
Киев,9,4,C#/.NET,2700,500,меньше 10 человек,> 7,> 3,> 2550,,,,,
Киев,11,4,Project manager,2700,500,больше 200 человек,> 7,> 3,> 2550,,,,,
другой,8,8,Project manager,2700,800,больше 200 человек,> 7,> 3,> 2550,,,,,
Киев,5,0.1,Embedded,2750,500,50 - 200 человек,"(3, 7]",≤ 0.5,> 2550,,,,,
Киев,5,1,QA/Testing,2750,1000,50 - 200 человек,"(3, 7]","(0.5, 1.5]",> 2550,,,,,
другой,5,2,C++,2750,500,меньше 10 человек,"(3, 7]","(1.5, 3]",> 2550,,,,,
Киев,10,3,Ruby/Rails,2750,500,10 - 50 человек,> 7,"(1.5, 3]",> 2550,,,,,
Львов,11,4,Java,2750,1000,больше 200 человек,> 7,> 3,> 2550,,,,,
Киев,6,6,Project manager,2750,5000,больше 200 человек,"(3, 7]",> 3,> 2550,,,,,
Киев,5,2,HTML/CSS/JavaScript,2780,1220,50 - 200 человек,"(3, 7]","(1.5, 3]",> 2550,,,,,
Киев,6,0.1,Mobile,2800,980,50 - 200 человек,"(3, 7]",≤ 0.5,> 2550,,,,,
Киев,4,0.2,Java,2800,700,больше 200 человек,"(3, 7]",≤ 0.5,> 2550,,,,,
Львов,5,0.2,Java,2800,600,больше 200 человек,"(3, 7]",≤ 0.5,> 2550,,,,,
Львов,7,0.2,PHP,2800,600,меньше 10 человек,> 7,≤ 0.5,> 2550,,,,,
Харьков,6.5,0.3,C#/.NET,2800,600,50 - 200 человек,"(3, 7]",≤ 0.5,> 2550,,,,,
Киев,6,0.75,Java,2800,700,больше 200 человек,"(3, 7]","(0.5, 1.5]",> 2550,,,,,
Киев,5,1,Java,2800,500,50 - 200 человек,"(3, 7]","(0.5, 1.5]",> 2550,,,,,
Киев,10,1,C#/.NET,2800,400,больше 200 человек,> 7,"(0.5, 1.5]",> 2550,,,,,
Киев,5,2,Java,2800,1000,10 - 50 человек,"(3, 7]","(1.5, 3]",> 2550,,,,,
Киев,8,2,Java,2800,500,10 - 50 человек,> 7,"(1.5, 3]",> 2550,,,,,
другой,3,3,C++,2800,700,больше 200 человек,"(1, 3]","(1.5, 3]",> 2550,,,,,
Киев,13,12,C#/.NET,2800,200,50 - 200 человек,> 7,> 3,> 2550,,,,,
Харьков,8,6,Project manager,2900,1000,больше 200 человек,> 7,> 3,> 2550,,,,,
Киев,10,1,Java,2920,200,меньше 10 человек,> 7,"(0.5, 1.5]",> 2550,,,,,
Киев,6,3,Oracle,2922,1200,больше 200 человек,"(3, 7]","(1.5, 3]",> 2550,,,,,
Киев,5,0.2,Java,3000,500,больше 200 человек,"(3, 7]",≤ 0.5,> 2550,,,,,
другой,9,0.2,Project manager,3000,1000,больше 200 человек,> 7,≤ 0.5,> 2550,,,,,
Киев,7,0.5,Java,3000,1000,больше 200 человек,> 7,≤ 0.5,> 2550,,,,,
Киев,3,1,Java,3000,800,50 - 200 человек,"(1, 3]","(0.5, 1.5]",> 2550,,,,,
Киев,5,1,Java,3000,600,больше 200 человек,"(3, 7]","(0.5, 1.5]",> 2550,,,,,
Киев,5,1,QA/Testing,3000,500,больше 200 человек,"(3, 7]","(0.5, 1.5]",> 2550,,,,,
другой,5,1,Ruby/Rails,3000,1500,50 - 200 человек,"(3, 7]","(0.5, 1.5]",> 2550,,,,,
Киев,6,1,Java,3000,100,больше 200 человек,"(3, 7]","(0.5, 1.5]",> 2550,,,,,
Киев,8,1,C#/.NET,3000,1000,10 - 50 человек,> 7,"(0.5, 1.5]",> 2550,,,,,
Киев,10,1,Java,3000,1000,меньше 10 человек,> 7,"(0.5, 1.5]",> 2550,,,,,
Львов,10,1,C++,3000,500,50 - 200 человек,> 7,"(0.5, 1.5]",> 2550,,,,,
Киев,15,1,C#/.NET,3000,500,больше 200 человек,> 7,"(0.5, 1.5]",> 2550,,,,,
Киев,5,1.5,Ruby/Rails,3000,3000,10 - 50 человек,"(3, 7]","(0.5, 1.5]",> 2550,,,,,
Киев,7,1.5,PHP,3000,1000,меньше 10 человек,> 7,"(0.5, 1.5]",> 2550,,,,,
другой,4,2,C#/.NET,3000,2000,меньше 10 человек,"(3, 7]","(1.5, 3]",> 2550,,,,,
Киев,7,2,C#/.NET,3000,500,меньше 10 человек,> 7,"(1.5, 3]",> 2550,,,,,
другой,8,2,Oracle,3000,800,больше 200 человек,> 7,"(1.5, 3]",> 2550,,,,,
другой,9,2,Java,3000,500,больше 200 человек,> 7,"(1.5, 3]",> 2550,,,,,
Харьков,12,2,Java,3000,400,меньше 10 человек,> 7,"(1.5, 3]",> 2550,,,,,
Киев,7,2.5,C#/.NET,3000,1000,больше 200 человек,> 7,"(1.5, 3]",> 2550,,,,,
Львов,7,3,Project manager,3000,700,больше 200 человек,> 7,"(1.5, 3]",> 2550,,,,,
Киев,7,3,Project manager,3000,3000,10 - 50 человек,> 7,"(1.5, 3]",> 2550,,,,,
Киев,7,3,C#/.NET,3000,800,больше 200 человек,> 7,"(1.5, 3]",> 2550,,,,,
другой,8,3,Ruby/Rails,3000,1000,меньше 10 человек,> 7,"(1.5, 3]",> 2550,,,,,
Харьков,16,3,Project manager,3000,1000,50 - 200 человек,> 7,"(1.5, 3]",> 2550,,,,,
Львов,8,3.5,Project manager,3000,500,больше 200 человек,> 7,> 3,> 2550,,,,,
Киев,6,4,Project manager,3000,1000,50 - 200 человек,"(3, 7]",> 3,> 2550,,,,,
Киев,6,4,C#/.NET,3000,1500,50 - 200 человек,"(3, 7]",> 3,> 2550,,,,,
Львов,8,4,Project manager,3000,500,больше 200 человек,> 7,> 3,> 2550,,,,,
Харьков,7,5,Project manager,3000,3000,50 - 200 человек,> 7,> 3,> 2550,,,,,
Киев,9,5,Java,3000,500,10 - 50 человек,> 7,> 3,> 2550,,,,,
Харьков,8,6,Project manager,3000,1000,50 - 200 человек,> 7,> 3,> 2550,,,,,
Киев,10,7,Flex/Flash/AIR,3000,2000,10 - 50 человек,> 7,> 3,> 2550,,,,,
Львов,15,7,Project manager,3000,10000,больше 200 человек,> 7,> 3,> 2550,,,,,
Львов,7,1,PHP,3100,400,больше 200 человек,> 7,"(0.5, 1.5]",> 2550,,,,,
Киев,2,2,Java,3100,500,больше 200 человек,"(1, 3]","(1.5, 3]",> 2550,,,,,
Киев,10,2,Java,3100,500,больше 200 человек,> 7,"(1.5, 3]",> 2550,,,,,
Киев,6,3,C#/.NET,3100,500,10 - 50 человек,"(3, 7]","(1.5, 3]",> 2550,,,,,
Киев,6,1.25,Flex/Flash/AIR,3200,500,10 - 50 человек,"(3, 7]","(0.5, 1.5]",> 2550,,,,,
Киев,10,3,C#/.NET,3200,400,меньше 10 человек,> 7,"(1.5, 3]",> 2550,,,,,
Киев,10,3.5,Project manager,3200,300,больше 200 человек,> 7,> 3,> 2550,,,,,
Киев,7,4,Java,3200,1000,больше 200 человек,> 7,> 3,> 2550,,,,,
Киев,5.5,0.1,Java,3250,1500,больше 200 человек,"(3, 7]",≤ 0.5,> 2550,,,,,
Киев,10,0.2,C#/.NET,3300,,меньше 10 человек,> 7,≤ 0.5,> 2550,,,,,
Киев,11,0.4,Mobile,3300,700,50 - 200 человек,> 7,≤ 0.5,> 2550,,,,,
Киев,8,1,C#/.NET,3300,500,10 - 50 человек,> 7,"(0.5, 1.5]",> 2550,,,,,
Киев,10,1,Project manager,3300,200,50 - 200 человек,> 7,"(0.5, 1.5]",> 2550,,,,,
Харьков,3,3,Project manager,3300,1200,10 - 50 человек,"(1, 3]","(1.5, 3]",> 2550,,,,,
Киев,6,4,PHP,3300,,меньше 10 человек,"(3, 7]",> 3,> 2550,,,,,
Киев,10,5,QA/Testing,3300,1000,50 - 200 человек,> 7,> 3,> 2550,,,,,
Киев,11,5,Project manager,3300,700,10 - 50 человек,> 7,> 3,> 2550,,,,,
Киев,12.5,5.5,Project manager,3300,500,больше 200 человек,> 7,> 3,> 2550,,,,,
Киев,13,8,C++,3300,1000,50 - 200 человек,> 7,> 3,> 2550,,,,,
Киев,15,11,Java,3300,330,10 - 50 человек,> 7,> 3,> 2550,,,,,
Киев,7,0.1,Java,3400,,больше 200 человек,> 7,≤ 0.5,> 2550,,,,,
Киев,8,0.5,C#/.NET,3400,600,10 - 50 человек,> 7,≤ 0.5,> 2550,,,,,
Киев,17,2,Java,3400,500,больше 200 человек,> 7,"(1.5, 3]",> 2550,,,,,
Киев,11,7,C#/.NET,3400,1600,50 - 200 человек,> 7,> 3,> 2550,,,,,
Киев,7,0.2,Java,3500,700,больше 200 человек,> 7,≤ 0.5,> 2550,,,,,
Харьков,10,0.4,Java,3500,1500,50 - 200 человек,> 7,≤ 0.5,> 2550,,,,,
Киев,9,0.5,Java,3500,400,больше 200 человек,> 7,≤ 0.5,> 2550,,,,,
Киев,7,0.6,HTML/CSS/JavaScript,3500,1500,10 - 50 человек,> 7,"(0.5, 1.5]",> 2550,,,,,
Львов,7,1,Project manager,3500,1500,10 - 50 человек,> 7,"(0.5, 1.5]",> 2550,,,,,
Харьков,8,1.5,C#/.NET,3500,0,10 - 50 человек,> 7,"(0.5, 1.5]",> 2550,,,,,
Львов,14,2,Embedded,3500,1000,10 - 50 человек,> 7,"(1.5, 3]",> 2550,,,,,
Харьков,6,3,Project manager,3500,1500,больше 200 человек,"(3, 7]","(1.5, 3]",> 2550,,,,,
Киев,11,3,Java,3500,1000,больше 200 человек,> 7,"(1.5, 3]",> 2550,,,,,
Киев,7,5,Project manager,3500,1750,10 - 50 человек,> 7,> 3,> 2550,,,,,
Харьков,9,5,Java,3500,1000,меньше 10 человек,> 7,> 3,> 2550,,,,,
Киев,9,5,C++,3500,1500,больше 200 человек,> 7,> 3,> 2550,,,,,
Киев,11,1,Java,3600,3000,10 - 50 человек,> 7,"(0.5, 1.5]",> 2550,,,,,
другой,5,3,Flex/Flash/AIR,3600,1000,10 - 50 человек,"(3, 7]","(1.5, 3]",> 2550,,,,,
Киев,11,3,C#/.NET,3600,500,50 - 200 человек,> 7,"(1.5, 3]",> 2550,,,,,
Киев,6,0.25,Mobile,3700,1000,больше 200 человек,"(3, 7]",≤ 0.5,> 2550,,,,,
Киев,15,4,Project manager,3700,500,меньше 10 человек,> 7,> 3,> 2550,,,,,
Киев,11,1,Java,3800,,10 - 50 человек,> 7,"(0.5, 1.5]",> 2550,,,,,
Киев,10,4,C#/.NET,3800,800,10 - 50 человек,> 7,> 3,> 2550,,,,,
Львов,10,5,C++,3900,1000,больше 200 человек,> 7,> 3,> 2550,,,,,
Киев,10,0.2,Java,4000,0,10 - 50 человек,> 7,≤ 0.5,> 2550,,,,,
Киев,10,1,Java,4000,2000,10 - 50 человек,> 7,"(0.5, 1.5]",> 2550,,,,,
Киев,15,1.2,Embedded,4000,2000,больше 200 человек,> 7,"(0.5, 1.5]",> 2550,,,,,
Киев,5,2,Python,4000,10000,10 - 50 человек,"(3, 7]","(1.5, 3]",> 2550,,,,,
Киев,12,2,PHP,4000,1000,10 - 50 человек,> 7,"(1.5, 3]",> 2550,,,,,
Киев,10,8,Project manager,4000,1000,10 - 50 человек,> 7,> 3,> 2550,,,,,
Львов,12,8,Project manager,4000,1000,50 - 200 человек,> 7,> 3,> 2550,,,,,
Киев,5,2.5,Project manager,4100,1000,50 - 200 человек,"(3, 7]","(1.5, 3]",> 2550,,,,,
Киев,8,4,Java,4300,1000,50 - 200 человек,> 7,> 3,> 2550,,,,,
Харьков,10,4,Java,4400,2000,10 - 50 человек,> 7,> 3,> 2550,,,,,
другой,15,4,C++,4500,2000,больше 200 человек,> 7,> 3,> 2550,,,,,
Львов,8,5,Java,4500,500,больше 200 человек,> 7,> 3,> 2550,,,,,
другой,5,5,C#/.NET,4625,1625,больше 200 человек,"(3, 7]",> 3,> 2550,,,,,
Киев,12,5,Python,4700,2300,50 - 200 человек,> 7,> 3,> 2550,,,,,
Киев,0.5,0.1,Java,,300,больше 200 человек,≤ 1,≤ 0.5,,,,,,
Киев,0.5,0.1,C++,,500,больше 200 человек,≤ 1,≤ 0.5,,,,,,
другой,5,0.1,C#/.NET,,3000,50 - 200 человек,"(3, 7]",≤ 0.5,,,,,,
Киев,0.5,0.2,PHP,,300,больше 200 человек,≤ 1,≤ 0.5,,,,,,
Киев,2,0.2,PHP,,250,меньше 10 человек,"(1, 3]",≤ 0.5,,,,,,
Киев,3,0.25,Java,,500,больше 200 человек,"(1, 3]",≤ 0.5,,,,,,
Львов,2.5,0.3,Java,,300,больше 200 человек,"(1, 3]",≤ 0.5,,,,,,
Киев,3.5,0.4,C#/.NET,,1200,больше 200 человек,"(3, 7]",≤ 0.5,,,,,,
Киев,1.5,0.5,PHP,,600,больше 200 человек,"(1, 3]",≤ 0.5,,,,,,
другой,2,0.5,QA/Testing,,500,больше 200 человек,"(1, 3]",≤ 0.5,,,,,,
Харьков,3,0.5,C#/.NET,,400,10 - 50 человек,"(1, 3]",≤ 0.5,,,,,,
Львов,3.5,0.5,Embedded,,500,больше 200 человек,"(3, 7]",≤ 0.5,,,,,,
Львов,5,0.5,Embedded,,500,меньше 10 человек,"(3, 7]",≤ 0.5,,,,,,
Киев,8,0.5,Java,,200,больше 200 человек,> 7,≤ 0.5,,,,,,
Харьков,10,0.5,Java,,,больше 200 человек,> 7,≤ 0.5,,,,,,
Львов,0.8,0.8,QA/Testing,,200,больше 200 человек,≤ 1,"(0.5, 1.5]",,,,,,
Киев,4.2,0.8,QA/Testing,,500,больше 200 человек,"(3, 7]","(0.5, 1.5]",,,,,,
Киев,1,1,Java,,500,больше 200 человек,≤ 1,"(0.5, 1.5]",,,,,,
Киев,1,1,C#/.NET,,300,меньше 10 человек,≤ 1,"(0.5, 1.5]",,,,,,
Киев,1,1,C#/.NET,,300,меньше 10 человек,≤ 1,"(0.5, 1.5]",,,,,,
Киев,1,1,C#/.NET,,,меньше 10 человек,≤ 1,"(0.5, 1.5]",,,,,,
Киев,3,1,QA/Testing,,500,больше 200 человек,"(1, 3]","(0.5, 1.5]",,,,,,
другой,3,1,C#/.NET,,200,меньше 10 человек,"(1, 3]","(0.5, 1.5]",,,,,,
другой,3,1,HTML/CSS/JavaScript,,,меньше 10 человек,"(1, 3]","(0.5, 1.5]",,,,,,
другой,3,1,Python,,,меньше 10 человек,"(1, 3]","(0.5, 1.5]",,,,,,
Львов,3,1,C#/.NET,,700,меньше 10 человек,"(1, 3]","(0.5, 1.5]",,,,,,
Харьков,4,1,PHP,,600,меньше 10 человек,"(3, 7]","(0.5, 1.5]",,,,,,
Киев,4,1,Java,,300,больше 200 человек,"(3, 7]","(0.5, 1.5]",,,,,,
Киев,4,1,Java,,500,больше 200 человек,"(3, 7]","(0.5, 1.5]",,,,,,
Киев,5,1,C#/.NET,,500,больше 200 человек,"(3, 7]","(0.5, 1.5]",,,,,,
Киев,6,1,QA/Testing,,600,10 - 50 человек,"(3, 7]","(0.5, 1.5]",,,,,,
Киев,6,1,C#/.NET,,,50 - 200 человек,"(3, 7]","(0.5, 1.5]",,,,,,
Харьков,10,1,Embedded,,500,10 - 50 человек,> 7,"(0.5, 1.5]",,,,,,
Киев,10,1,Oracle,,2000,10 - 50 человек,> 7,"(0.5, 1.5]",,,,,,
Львов,3.5,1.2,C#/.NET,,500,больше 200 человек,"(3, 7]","(0.5, 1.5]",,,,,,
Львов,6,1.3,Python,,1000,больше 200 человек,"(3, 7]","(0.5, 1.5]",,,,,,
Киев,3,1.5,Objective-C,,,10 - 50 человек,"(1, 3]","(0.5, 1.5]",,,,,,
Киев,4,1.5,HTML/CSS/JavaScript,,500,меньше 10 человек,"(3, 7]","(0.5, 1.5]",,,,,,
Киев,4.5,1.5,C#/.NET,,500,больше 200 человек,"(3, 7]","(0.5, 1.5]",,,,,,
Львов,5,1.5,C#/.NET,,800,10 - 50 человек,"(3, 7]","(0.5, 1.5]",,,,,,
Львов,5,1.5,Embedded,,1000,50 - 200 человек,"(3, 7]","(0.5, 1.5]",,,,,,
Львов,12,1.5,PHP,,500,больше 200 человек,> 7,"(0.5, 1.5]",,,,,,
Киев,2,2,Objective-C,,1000,10 - 50 человек,"(1, 3]","(1.5, 3]",,,,,,
Киев,3,2,Embedded,,,50 - 200 человек,"(1, 3]","(1.5, 3]",,,,,,
Киев,3.5,2,Java,,700,50 - 200 человек,"(3, 7]","(1.5, 3]",,,,,,
другой,4,2,Java,,250,10 - 50 человек,"(3, 7]","(1.5, 3]",,,,,,
другой,4,2,C#/.NET,,300,больше 200 человек,"(3, 7]","(1.5, 3]",,,,,,
Львов,5,2,Embedded,,500,больше 200 человек,"(3, 7]","(1.5, 3]",,,,,,
Киев,5,2,Java,,700,больше 200 человек,"(3, 7]","(1.5, 3]",,,,,,
другой,7,2,Java,,,больше 200 человек,> 7,"(1.5, 3]",,,,,,
Киев,10,2,C#/.NET,,700,меньше 10 человек,> 7,"(1.5, 3]",,,,,,
Киев,14,2,C#/.NET,,500,больше 200 человек,> 7,"(1.5, 3]",,,,,,
Львов,14,2,QA/Testing,,500,больше 200 человек,> 7,"(1.5, 3]",,,,,,
Киев,10,2.5,Java,,500,50 - 200 человек,> 7,"(1.5, 3]",,,,,,
другой,3,3,C++,,200,10 - 50 человек,"(1, 3]","(1.5, 3]",,,,,,
Киев,3,3,C++,,400,больше 200 человек,"(1, 3]","(1.5, 3]",,,,,,
Киев,3,3,Oracle,,1000,10 - 50 человек,"(1, 3]","(1.5, 3]",,,,,,
другой,3,3,C#/.NET,,187.5,10 - 50 человек,"(1, 3]","(1.5, 3]",,,,,,
Харьков,4,3,Project manager,,1000,меньше 10 человек,"(3, 7]","(1.5, 3]",,,,,,
Киев,4,3,C++,,400,больше 200 человек,"(3, 7]","(1.5, 3]",,,,,,
Киев,5,3,Embedded,,600,50 - 200 человек,"(3, 7]","(1.5, 3]",,,,,,
Киев,5,3,C++,,1500,10 - 50 человек,"(3, 7]","(1.5, 3]",,,,,,
Киев,5,3,C#/.NET,,500,больше 200 человек,"(3, 7]","(1.5, 3]",,,,,,
другой,5,3,HTML/CSS/JavaScript,,1250,50 - 200 человек,"(3, 7]","(1.5, 3]",,,,,,
другой,5,3,C#/.NET,,500,10 - 50 человек,"(3, 7]","(1.5, 3]",,,,,,
Киев,7,3,C#/.NET,,500,больше 200 человек,> 7,"(1.5, 3]",,,,,,
Киев,7,3,Flex/Flash/AIR,,100,меньше 10 человек,> 7,"(1.5, 3]",,,,,,
Харьков,11,3,C#/.NET,,500,больше 200 человек,> 7,"(1.5, 3]",,,,,,
Киев,15,3,Java,,600,10 - 50 человек,> 7,"(1.5, 3]",,,,,,
Харьков,4,3.5,QA/Testing,,1000,больше 200 человек,"(3, 7]",> 3,,,,,,
Львов,4.5,3.5,QA/Testing,,500,больше 200 человек,"(3, 7]",> 3,,,,,,
Киев,10,3.5,QA/Testing,,700,больше 200 человек,> 7,> 3,,,,,,
другой,4,4,Java,,500,10 - 50 человек,"(3, 7]",> 3,,,,,,
Харьков,5,4,Ruby/Rails,,1000,50 - 200 человек,"(3, 7]",> 3,,,,,,
Киев,5,4,C#/.NET,,600,меньше 10 человек,"(3, 7]",> 3,,,,,,
Харьков,6,4,C++,,2500,50 - 200 человек,"(3, 7]",> 3,,,,,,
Харьков,8,4,C#/.NET,,500,50 - 200 человек,> 7,> 3,,,,,,
Киев,5,5,C#/.NET,,500,меньше 10 человек,"(3, 7]",> 3,,,,,,
Киев,8,5,C#/.NET,,400,больше 200 человек,> 7,> 3,,,,,,
другой,10,5,C#/.NET,,200,10 - 50 человек,> 7,> 3,,,,,,
Львов,12,5,Oracle,,550,больше 200 человек,> 7,> 3,,,,,,
другой,15,5,Project manager,,500,больше 200 человек,> 7,> 3,,,,,,
Киев,12,6,Project manager,,5000,50 - 200 человек,> 7,> 3,,,,,,
другой,12,8,Python,,,меньше 10 человек,> 7,> 3,,,,,,
другой,10,10,C#/.NET,,500,больше 200 человек,> 7,> 3,,,,,,
Львов,10,10,C++,,,больше 200 человек,> 7,> 3,,,,,,
Киев,13,10,Mobile,,500,больше 200 человек,> 7,> 3,,,,,,
Киев,11,11,Embedded,,500,больше 200 человек,> 7,> 3,,,,,,