Timestamp,Возраст,Город,Общий стаж работы по специальности,Специализация,Зарплата за последний месяц,Прибавка к зарплате,Стаж на текущем месте работы,Размер компании
10/12/2010 10:24:39,,Киев,4,C++,1800,300,6 мес,больше 200 человек
10/12/2010 10:28:42,,Киев,8,PHP,1500,500,4,10 - 50 человек
10/12/2010 10:29:09,,Киев,10 лет,PHP,1800 USD,700 USD,1 месяц,10 - 50 человек
10/12/2010 10:29:54,,другой,6,Embedded,1265,500,2,больше 200 человек
10/12/2010 10:29:55,,Киев,4,Ruby/Rails,1200,800,2,10 - 50 человек
10/12/2010 10:31:08,,Киев,3,C#/.NET,8000,5000,3,10 - 50 человек
10/12/2010 10:31:08,,Львов,"1,5 лет",C#/.NET,$750,$400,7 месяцев,10 - 50 человек
10/12/2010 10:31:22,,Киев,7,Gamedev,2000 $,500 $,2,меньше 10 человек
10/12/2010 10:32:34,,Киев,3.5,C#/.NET,,1200,<0.5,больше 200 человек
10/12/2010 10:33:03,,другой,5,PHP,7600 грн,4500,5,10 - 50 человек
10/12/2010 10:33:37,,Киев,5,Project manager,4100,1000,2.5,50 - 200 человек
10/12/2010 10:33:42,,Киев,3.5,Python,2300,50%,2.5,50 - 200 человек
10/12/2010 10:34:02,,Киев,11,Java,3500,1000,3,больше 200 человек
10/12/2010 10:34:03,,Львов,4,PHP,100,400,3,меньше 10 человек
10/12/2010 10:34:22,,Киев,3 года,Python,20000 гривен,40..50%,3 месяца,меньше 10 человек
10/12/2010 10:34:27,,Киев,5,C#/.NET,1500,500+,2,меньше 10 человек
10/12/2010 10:34:59,,Львов,5,C#/.NET,,800 $,1.5,10 - 50 человек
10/12/2010 10:35:38,,Киев,"3,5 года",Flex/Flash/AIR,2400,600,3 года,меньше 10 человек
10/12/2010 10:35:56,,другой,5,PHP,1600,400,4.5,10 - 50 человек
10/12/2010 10:35:59,,Харьков,6,Mobile,2000,"400 (заставят серьёзно задуматься, а в зависимости от прочих условий, от 200)",4,больше 200 человек
10/12/2010 10:35:59,,Киев,6,Flex/Flash/AIR,1800,2300,0.5,больше 200 человек
10/12/2010 10:37:24,,Львов,4,QA/Testing,1050,1300,3,больше 200 человек
10/12/2010 10:37:27,,Львов,3,Embedded,1400,600,1,10 - 50 человек
10/12/2010 10:37:43,,Киев,8,Mobile,2200,500,2.3,50 - 200 человек
10/12/2010 10:37:54,,Львов,12,PHP,,500 $,1.5,больше 200 человек
10/12/2010 10:37:56,,другой,2.7,Java,1500,800,0.5,50 - 200 человек
10/12/2010 10:38:07,,Харьков,5,C#/.NET,1200,1500,2,10 - 50 человек
10/12/2010 10:38:30,,другой,2 года,Python,1000,500,1 месяц,10 - 50 человек
10/12/2010 10:38:43,,Киев,4,Java,1400,600,0.5,больше 200 человек
10/12/2010 10:38:49,,другой,4,Ruby/Rails,1650,500,2,10 - 50 человек
10/12/2010 10:38:52,,Киев,6,C++,1500,500,0,50 - 200 человек
10/12/2010 10:38:53,,Львов,6,PHP,2600,400,3,50 - 200 человек
10/12/2010 10:39:13,,Киев,1.5,PHP,,600USD,0.5,больше 200 человек
10/12/2010 10:39:29,,Киев,3,C#/.NET,1300,300,2,больше 200 человек
10/12/2010 10:39:58,,другой,7 лет,C++,1800,700,4 года,50 - 200 человек
10/12/2010 10:40:16,,Киев,5,C#/.NET,1000,500,2,меньше 10 человек
10/12/2010 10:40:36,,Киев,9,PHP,875,375,1,меньше 10 человек
10/12/2010 10:40:49,,Киев,18,Project manager,2000,2000,12,меньше 10 человек
10/12/2010 10:41:55,,Харьков,3,Python,2000,1000,1,10 - 50 человек
10/12/2010 10:42:44,,Киев,11,C#/.NET,3400,1600,7,50 - 200 человек
10/12/2010 10:44:26,,Киев,7,QA/Testing,2100,500,4,больше 200 человек
10/12/2010 10:45:31,,другой,3,PHP,550,400,9 месяцев,50 - 200 человек
10/12/2010 10:45:58,,другой,3,QA/Testing,1250,1250,3,10 - 50 человек
10/12/2010 10:45:59,,другой,5,Python,1650,500,2,10 - 50 человек
10/12/2010 10:46:28,,другой,3,C++,600,400,1,больше 200 человек
10/12/2010 10:46:29,,Киев,11,Oracle,100000,1000000,1,больше 200 человек
10/12/2010 10:46:48,,Киев,2,PHP,1000,500,0.5,меньше 10 человек
10/12/2010 10:47:08,,другой,5,Java,1500 $,1000 $,<1,меньше 10 человек
10/12/2010 10:49:52,,Харьков,5,C++,1000,1000,4,50 - 200 человек
10/12/2010 10:50:20,,Харьков,12,Java,3000,400,2,меньше 10 человек
10/12/2010 10:51:59,,Львов,4,C++,2000,500,1,10 - 50 человек
10/12/2010 10:52:17,,другой,6,HTML/CSS/JavaScript,500,200,0.5,меньше 10 человек
10/12/2010 10:52:35,,Харьков,6,PHP,1500,500,3,меньше 10 человек
10/12/2010 10:52:51,,Киев,1 Год,PHP,750,400 $,4 месяца,50 - 200 человек
10/12/2010 10:52:52,,другой,3,C#/.NET,,200,1,меньше 10 человек
10/12/2010 10:53:00,,другой,7,Java,,+20%,2,больше 200 человек
10/12/2010 10:53:12,,Киев,7,PHP,1800,500,1/2/2010,меньше 10 человек
10/12/2010 10:53:12,,Киев,5 лет,C#/.NET,2500,500,1.6 года,50 - 200 человек
10/12/2010 10:53:59,,Харьков,5,C#/.NET,2000,800,2,больше 200 человек
10/12/2010 10:54:18,,Киев,8,Project manager,2400,600,"0,5",10 - 50 человек
10/12/2010 10:54:26,,Киев,4,Java,2000,500,1,больше 200 человек
10/12/2010 10:54:34,,Киев,7,PHP,1350,500,5,10 - 50 человек
10/12/2010 10:55:42,,Киев,8,Oracle,2000,500,0.5,меньше 10 человек
10/12/2010 10:55:49,,Киев,10,PHP,2000,700,2.5,больше 200 человек
10/12/2010 10:56:11,,Киев,4 года,Objective-C,2500,300,полгода,50 - 200 человек
10/12/2010 10:56:27,,Киев,4 года,Objective-C,2300,400,3 месяца,больше 200 человек
10/12/2010 10:56:28,,Львов,2,Project manager,1500,1500,1,меньше 10 человек
10/12/2010 10:56:55,,Харьков,4 years,Objective-C,1400,500,6 month,50 - 200 человек
10/12/2010 10:56:56,,другой,8,C#/.NET,1500,500,2,10 - 50 человек
10/12/2010 10:56:59,,Львов,8+,Project manager,3000,500,"3,5",больше 200 человек
10/12/2010 10:57:02,,Киев,7,C#/.NET,2700,800,4 month,больше 200 человек
10/12/2010 10:57:25,,Львов,3,C#/.NET,1100,500,1.5,меньше 10 человек
10/12/2010 10:58:14,,другой,5,C#/.NET,2000,0,2,больше 200 человек
10/12/2010 10:58:15,,Киев,2,Objective-C,2000,1000,0.5,50 - 200 человек
10/12/2010 10:58:43,,Киев,4,PHP,1800,2200,9 месяцев,больше 200 человек
10/12/2010 10:58:44,,Львов,5,Embedded,,500,2,больше 200 человек
10/12/2010 10:59:00,,другой,5 years,Flex/Flash/AIR,3600 USD,1000 USD,3 years,10 - 50 человек
10/12/2010 10:59:26,,Киев,6,QA/Testing,2500,300,1,больше 200 человек
10/12/2010 10:59:56,,Киев,5,Java,3000,20,1,больше 200 человек
10/12/2010 10:59:57,,Харьков,2,Project manager,750,250,2 года,10 - 50 человек
10/12/2010 11:00:07,,Киев,7,Embedded,1300,+300%,3,10 - 50 человек
10/12/2010 11:00:40,,Киев,10,C#/.NET,2550,100,5,50 - 200 человек
10/12/2010 11:00:51,,другой,2 года,PHP,650,200-300,1 год,50 - 200 человек
10/12/2010 11:01:31,,Киев,12,Python,4700,+50%,5,50 - 200 человек
10/12/2010 11:01:37,,Киев,4,Objective-C,2000,500,5 месяцев,50 - 200 человек
10/12/2010 11:01:45,,другой,3,PHP,800,400,1,10 - 50 человек
10/12/2010 11:01:57,,другой,5,Mobile,1900,400,1year,больше 200 человек
10/12/2010 11:02:12,,другой,11,HTML/CSS/JavaScript,700,800,8,меньше 10 человек
10/12/2010 11:02:21,,Львов,6,C#/.NET,1400,600,3,больше 200 человек
10/12/2010 11:02:26,,Харьков,4,C#/.NET,2500,500,7 месяцев,10 - 50 человек
10/12/2010 11:03:00,,другой,10,C#/.NET,550,800,8,меньше 10 человек
10/12/2010 11:03:56,,другой,2,C#/.NET,600,500,2,больше 200 человек
10/12/2010 11:05:34,,Киев,12,C#/.NET,€ 2400,1000,1,10 - 50 человек
10/12/2010 11:05:57,,Харьков,3,QA/Testing,1200,800-1000,3,больше 200 человек
10/12/2010 11:06:45,,Львов,10,PHP,1800,+$1000,2,меньше 10 человек
10/12/2010 11:07:13,,Киев,4 года,QA/Testing,1800,500,4 года,50 - 200 человек
10/12/2010 11:07:16,,Киев,2,Java,1200,800,1,10 - 50 человек
10/12/2010 11:07:27,,Киев,8 лет,Java,,20%,6 мес,больше 200 человек
10/12/2010 11:08:09,,Харьков,4 года,PHP,1000,500,2 года,10 - 50 человек
10/12/2010 11:08:10,,Киев,3,QA/Testing,500,100,1,больше 200 человек
10/12/2010 11:08:26,,Львов,10,C++,3900,1000,5,больше 200 человек
10/12/2010 11:09:37,,Харьков,3 года,C#/.NET,1200,800,3 месяца,10 - 50 человек
10/12/2010 11:10:00,,Харьков,3.5,Java,1450,500,2.5,50 - 200 человек
10/12/2010 11:10:13,,другой,4,C#/.NET,2500,1000,3,10 - 50 человек
10/12/2010 11:11:05,,Киев,6,Oracle,1200,500,4,больше 200 человек
10/12/2010 11:11:20,,Киев,4,QA/Testing,1800,500,год,50 - 200 человек
10/12/2010 11:11:42,,Харьков,4,C#/.NET,1500,500,30 месяцев,больше 200 человек
10/12/2010 11:11:57,,Киев,4 month,Java,400,300,4 month,10 - 50 человек
10/12/2010 11:12:44,,Харьков,3 года,Ruby/Rails,450,400,1 год,больше 200 человек
10/12/2010 11:12:50,,Киев,4,C#/.NET,2300,500,2,больше 200 человек
10/12/2010 11:13:10,,другой,4,Ruby/Rails,2200,1000,3,50 - 200 человек
10/12/2010 11:13:46,,Киев,5,PHP,500,500,1.3,10 - 50 человек
10/12/2010 11:15:13,,Киев,8,Java,4300,1000,4,50 - 200 человек
10/12/2010 11:16:41,,Львов,4,C#/.NET,800,400,4,10 - 50 человек
10/12/2010 11:16:58,,Киев,2.5,C#/.NET,1500,2000,2,10 - 50 человек
10/12/2010 11:17:08,,Харьков,10,C#/.NET,1900,700,0.5,больше 200 человек
10/12/2010 11:17:15,,другой,4,PHP,1100,400,6 месяцев,меньше 10 человек
10/12/2010 11:17:34,,Киев,7,C#/.NET,3000,1000,"2,5 года",больше 200 человек
10/12/2010 11:17:38,,Харьков,8,Project manager,2900,1000,6,больше 200 человек
10/12/2010 11:17:43,,Киев,5 лет,PHP,750 €,150 €,5 мес,10 - 50 человек
10/12/2010 11:17:59,,Киев,4.5 года,Python,1500,1000,2 года,10 - 50 человек
10/12/2010 11:17:59,,Киев,5+,C++,1500,1000,"0,5",50 - 200 человек
10/12/2010 11:19:25,,Киев,5,PHP,1700уе,700уе,1 год,10 - 50 человек
10/12/2010 11:19:26,,Харьков,8,Objective-C,2500,500,1,50 - 200 человек
10/12/2010 11:19:41,,другой,10,C#/.NET,1950,1000,15 месяцев,меньше 10 человек
10/12/2010 11:19:59,,другой,4,Flex/Flash/AIR,710,300,4,больше 200 человек
10/12/2010 11:20:45,,другой,9,Project manager,3000,4000,2 мес.,больше 200 человек
10/12/2010 11:21:02,,Киев,7,Java,3400,interest project,1st month,больше 200 человек
10/12/2010 11:21:09,,Киев,3,C#/.NET,2100,600,3,50 - 200 человек
10/12/2010 11:21:27,,Киев,3,C#/.NET,1600,3000,2,больше 200 человек
10/12/2010 11:22:15,,Харьков,5,QA/Testing,750,100%,"1,5 года",больше 200 человек
10/12/2010 11:22:36,,Львов,4,QA/Testing,1800,700,2,меньше 10 человек
10/12/2010 11:22:54,,Львов,7,C#/.NET,2000,400,2.5,меньше 10 человек
10/12/2010 11:25:01,,другой,5,C#/.NET,1900,500,4,больше 200 человек
10/12/2010 11:25:04,,Киев,15,C++,1000,1000,10,10 - 50 человек
10/12/2010 11:25:04,,Львов,3 года,C#/.NET,1500,500,3 месяца,50 - 200 человек
10/12/2010 11:26:19,,другой,4,PHP,1100,600,3,меньше 10 человек
10/12/2010 11:27:03,,Киев,3,Mobile,1700,-,1,50 - 200 человек
10/12/2010 11:27:47,,Львов,3,C#/.NET,1000,900,6 мес.,50 - 200 человек
10/12/2010 11:27:57,,Львов,1,Java,600,400,1,50 - 200 человек
10/12/2010 11:28:37,,Львов,"2,5 года",QA/Testing,1000,1500,1 год,больше 200 человек
10/12/2010 11:29:03,,Киев,3,PHP,2000,500,10 месяцев,меньше 10 человек
10/12/2010 11:29:27,,другой,6,PHP,2300,700,3,меньше 10 человек
10/12/2010 11:29:29,,Львов,7,C++,2300,1000,4 года,больше 200 человек
10/12/2010 11:30:03,,Киев,3,Java,1500,2000,3,10 - 50 человек
10/12/2010 11:30:47,,Харьков,2ujlf,HTML/CSS/JavaScript,800,200,2 месяца,меньше 10 человек
10/12/2010 11:31:24,,Киев,7,Flex/Flash/AIR,1800,200,6 місяців,10 - 50 человек
10/12/2010 11:31:47,,другой,5,C++,1500,500,3,50 - 200 человек
10/12/2010 11:33:32,,Харьков,5,Flex/Flash/AIR,4000,2000-3000к,3,меньше 10 человек
10/12/2010 11:33:54,,другой,3,Java,1800,600,1.5,больше 200 человек
10/12/2010 11:34:33,,другой,3.5 л,QA/Testing,$3200,30%,1 м,меньше 10 человек
10/12/2010 11:36:26,,Киев,5,Java,2500,500,2,10 - 50 человек
10/12/2010 11:36:31,,Харьков,5,C#/.NET,1800,300,5,больше 200 человек
10/12/2010 11:36:31,,Львов,7,C#/.NET,1800,500,20,10 - 50 человек
10/12/2010 11:37:02,,Киев,5,C++,2000,500,"2,5",больше 200 человек
10/12/2010 11:37:04,,другой,5,C++,440,100,5,10 - 50 человек
10/12/2010 11:37:08,,Харьков,2,HTML/CSS/JavaScript,1150 $,+ - 200,2,больше 200 человек
10/12/2010 11:38:14,,Киев,4.5,C#/.NET,1800,600,11 месяцев,50 - 200 человек
10/12/2010 11:40:01,,другой,7,C#/.NET,2600,700,2,больше 200 человек
10/12/2010 11:40:34,,Киев,10,Java,4000,2000,1,10 - 50 человек
10/12/2010 11:41:19,,Львов,10,C++,500 грн.,10000,2,10 - 50 человек
10/12/2010 11:42:04,,Киев,8,Python,2500,1000,2,50 - 200 человек
10/12/2010 11:43:00,,другой,3,PHP,800,100500,1,меньше 10 человек
10/12/2010 11:43:10,,Киев,3,PHP,1000,500,1,меньше 10 человек
10/12/2010 11:44:33,,Киев,6 мес.,C++,800,800,6 мес.,50 - 200 человек
10/12/2010 11:46:22,,Львов,10,C++,2500,400,6,50 - 200 человек
10/12/2010 11:46:28,,другой,4,Java,1700,500,3,50 - 200 человек
10/12/2010 11:48:34,,Киев,4,Flex/Flash/AIR,2100,500,1,10 - 50 человек
10/12/2010 11:51:39,,Киев,5,C#/.NET,2500,500,"2,5",10 - 50 человек
10/12/2010 11:51:44,,Киев,3,C#/.NET,600,300,"2,5",50 - 200 человек
10/12/2010 11:53:31,,другой,10,Python,1500,0,1,меньше 10 человек
10/12/2010 11:54:59,,Львов,2.5 роки,Embedded,1000,500,6 місяців,10 - 50 человек
10/12/2010 11:55:11,,Киев,5 лет,QA/Testing,1900,500,5 лет,50 - 200 человек
10/12/2010 11:56:10,,Харьков,6 лет,Project manager,2000,500,1 год,больше 200 человек
10/12/2010 11:56:52,,Киев,1 год,C#/.NET,700,700,1 год,10 - 50 человек
10/12/2010 11:56:57,,Харьков,"3,5",HTML/CSS/JavaScript,1100,500,2,50 - 200 человек
10/12/2010 11:57:19,,Киев,1.5,Java,1000,1000,0.7,50 - 200 человек
10/12/2010 11:57:32,,Киев,2.5,C#/.NET,1150,300,6 months,10 - 50 человек
10/12/2010 11:59:08,,Киев,8,C++,2100,500,3.5,50 - 200 человек
10/12/2010 11:59:12,,Киев,8,C#/.NET,3000,1000,1,10 - 50 человек
10/12/2010 11:59:56,,Львов,3-4года,QA/Testing,1600,500,6месяцев,меньше 10 человек
10/12/2010 12:00:32,,другой,3,QA/Testing,1000,400,3,больше 200 человек
10/12/2010 12:02:03,,Харьков,7 лет,Java,2500,500-700,1 год 3 месяца,10 - 50 человек
10/12/2010 12:02:15,,другой,2,PHP,600,300,1,меньше 10 человек
10/12/2010 12:02:41,,Киев,1,PHP,800,400,2,50 - 200 человек
10/12/2010 12:04:04,,Киев,2,Objective-C,,$1000,2,10 - 50 человек
10/12/2010 12:04:07,,другой,2.5 года,C#/.NET,1000,400,0.5 года,10 - 50 человек
10/12/2010 12:04:40,,Киев,5,Embedded,,600,3,50 - 200 человек
10/12/2010 12:04:46,,Киев,10,Java,1200,1000,4,меньше 10 человек
10/12/2010 12:05:55,,Киев,8,Ruby/Rails,2500,2500,1.2,50 - 200 человек
10/12/2010 12:06:29,,Харьков,3 года,Oracle,1000 USD,500,"1,5 года",меньше 10 человек
10/12/2010 12:07:56,,Киев,4,C#/.NET,1000,700,"3,5",10 - 50 человек
10/12/2010 12:08:46,,Киев,4,QA/Testing,1500,500,12,10 - 50 человек
10/12/2010 12:10:08,,Харьков,4,Project manager,1000,700,4,50 - 200 человек
10/12/2010 12:11:15,,Львов,3,HTML/CSS/JavaScript,1500,700,6,меньше 10 человек
10/12/2010 12:11:36,,Киев,5,QA/Testing,1700 USD,1000,4+,больше 200 человек
10/12/2010 12:11:48,,другой,12,Java,1300,500,7,больше 200 человек
10/12/2010 12:12:47,,Харьков,10,Embedded,,500,1,10 - 50 человек
10/12/2010 12:15:39,,Киев,10,Java,4000,0,2 месяца,10 - 50 человек
10/12/2010 12:16:52,,Киев,6,QA/Testing,,500-700$,1,10 - 50 человек
10/12/2010 12:17:15,,Киев,2 года,HTML/CSS/JavaScript,800,300,3 дня,50 - 200 человек
10/12/2010 12:17:48,,Харьков,2,Ruby/Rails,600,500,2,больше 200 человек
10/12/2010 12:18:37,,другой,8,HTML/CSS/JavaScript,3200,4000,4,10 - 50 человек
10/12/2010 12:19:25,,Киев,5,Java,1500,500,2,10 - 50 человек
10/12/2010 12:20:15,,Киев,6.5,Project manager,2100,400,2.5,больше 200 человек
10/12/2010 12:20:46,,Харьков,4,Embedded,1400,600,2,50 - 200 человек
10/12/2010 12:20:51,,Харьков,30,C#/.NET,350,150,5,10 - 50 человек
10/12/2010 12:20:58,,Львов,7,PHP,3100,3500,1,больше 200 человек
10/12/2010 12:21:00,,Львов,7,Project manager,3500,1500,1 год,10 - 50 человек
10/12/2010 12:21:04,,Киев,6,HTML/CSS/JavaScript,2000,500,3 года,больше 200 человек
10/12/2010 12:21:13,,Львов,5 лет,C++,1400 USD,400 usd,6 мес,50 - 200 человек
10/12/2010 12:21:29,,Харьков,3,PHP,260,100,3,больше 200 человек
10/12/2010 12:22:57,,Киев,4,C++,1550,800,10,меньше 10 человек
10/12/2010 12:24:12,,другой,8,Java,1700,0,22 месяца,больше 200 человек
10/12/2010 12:24:40,,другой,5,Java,1000,500,1 месяц,больше 200 человек
10/12/2010 12:24:51,,другой,5,Project manager,1300,5000,5,меньше 10 человек
10/12/2010 12:25:59,,Киев,4.5,C++,2500,500,2,50 - 200 человек
10/12/2010 12:26:07,,Киев,1,Java,700,400,1,50 - 200 человек
10/12/2010 12:26:44,,Киев,5,Mobile,2700,2000,1 месяц,50 - 200 человек
10/12/2010 12:26:56,,Харьков,4 года,C#/.NET,1900,500,3 месяца,50 - 200 человек
10/12/2010 12:28:58,,другой,0,C#/.NET,2000,2000,0,50 - 200 человек
10/12/2010 12:29:19,,другой,6 лет,PHP,600,200 USD,1 год,меньше 10 человек
10/12/2010 12:30:40,,Харьков,4,C#/.NET,1050,1600,2.5,50 - 200 человек
10/12/2010 12:30:44,,другой,3,C#/.NET,1200,800,0.5,10 - 50 человек
10/12/2010 12:32:50,,Киев,5,C#/.NET,1800,1200,1,больше 200 человек
10/12/2010 12:33:00,,другой,12,Java,2500,500,6,10 - 50 человек
10/12/2010 12:33:09,,Киев,5,PHP,1500,300,9 месяцев,10 - 50 человек
10/12/2010 12:33:13,,другой,5,C#/.NET,37000,50000,5,больше 200 человек
10/12/2010 12:33:52,,другой,3,Project manager,1500,500,2,меньше 10 человек
10/12/2010 12:36:03,,Киев,3,C#/.NET,1650,250,30,больше 200 человек
10/12/2010 12:36:23,,Киев,5,Mobile,2000,500,1 год и 3 месяца,10 - 50 человек
10/12/2010 12:36:41,,другой,5,HTML/CSS/JavaScript,1000,200,5,10 - 50 человек
10/12/2010 12:36:49,,Киев,10,PHP,1500,1000,1.5 года,10 - 50 человек
10/12/2010 12:37:28,,Киев,10,QA/Testing,3300,1000,5,50 - 200 человек
10/12/2010 12:37:39,,другой,17,Java,2000,2000,14,10 - 50 человек
10/12/2010 12:37:42,,другой,4,PHP,1000,200,3,меньше 10 человек
10/12/2010 12:37:59,,Киев,6,Java,2800 USD,700 USD,9 мес.,больше 200 человек
10/12/2010 12:39:42,,Киев,7,C++,2200,600,4,больше 200 человек
10/12/2010 12:40:17,,другой,11,C#/.NET,7000,7000,6,меньше 10 человек
10/12/2010 12:40:33,,Харьков,6,C#/.NET,2200,500,2,10 - 50 человек
10/12/2010 12:41:58,,Харьков,6,Java,2650,850,8 мес,больше 200 человек
10/12/2010 12:42:38,,Харьков,17,C#/.NET,1200,1000,3,50 - 200 человек
10/12/2010 12:43:29,,Львов,7,Java,2100,500,18,50 - 200 человек
10/12/2010 12:43:43,,Харьков,4,Gamedev,2K€,1K€,4,10 - 50 человек
10/12/2010 12:43:45,,другой,2,Java,450,350,2,10 - 50 человек
10/12/2010 12:46:05,,Киев,2 года,Flex/Flash/AIR,1100,800,5 месяцев,больше 200 человек
10/12/2010 12:47:29,,Львов,5,C#/.NET,1200,500,4,10 - 50 человек
10/12/2010 12:47:41,,Киев,5,Java,2000,1000,8,больше 200 человек
10/12/2010 12:47:57,,Киев,5,PHP,1400,400,1 месяц,50 - 200 человек
10/12/2010 12:48:10,,Киев,4 года,Flex/Flash/AIR,1800,500,"1,5 года",больше 200 человек
10/12/2010 12:48:59,,Киев,4,C++,1100,400,2 месяца,50 - 200 человек
10/12/2010 12:49:02,,другой,2 года,Oracle,2600 грн,4000 грн,2 года,больше 200 человек
10/12/2010 12:50:48,,Львов,3 роки,Flex/Flash/AIR,1800,0,3 місяці,50 - 200 человек
10/12/2010 12:51:13,,Харьков,10,Java,3500,1500,5 месяцев,50 - 200 человек
10/12/2010 12:52:10,,Харьков,4 мес,Mobile,300,200,4 мес,50 - 200 человек
10/12/2010 12:53:59,,Киев,4,PHP,650,650,1,меньше 10 человек
10/12/2010 12:54:32,,Харьков,3,Mobile,700,350,1,10 - 50 человек
10/12/2010 12:54:50,,Киев,2 года,C#/.NET,600,400,14 месяцев,больше 200 человек
10/12/2010 12:55:59,,другой,5,PHP,18001,1000,3,10 - 50 человек
10/12/2010 12:56:30,,другой,5,PHP,1800,1000,3,10 - 50 человек
10/12/2010 12:56:45,,другой,6,C#/.NET,190,200,3,10 - 50 человек
10/12/2010 12:57:31,,другой,6,PHP,1200,800,4,10 - 50 человек
10/12/2010 12:58:05,,Киев,3 года,C++,1000,500,1 месяц,50 - 200 человек
10/12/2010 12:58:53,,Киев,2,Java,900,300,8 мес,больше 200 человек
10/12/2010 12:59:54,,Киев,5,Java,2500,500,1,больше 200 человек
10/12/2010 12:59:58,,Киев,8,Oracle,2000,2000,3,больше 200 человек
10/12/2010 13:00:31,,Киев,3 года,C#/.NET,2000,Деньгами,1 месяц,50 - 200 человек
10/12/2010 13:00:40,,Киев,5,Embedded,2750,500,1 месяц,50 - 200 человек
10/12/2010 13:02:09,,Киев,2,HTML/CSS/JavaScript,1400,500,6 мес,10 - 50 человек
10/12/2010 13:02:13,,Львов,1.5,Java,500,300,1,больше 200 человек
10/12/2010 13:02:58,,Киев,9,Oracle,2500,700,10 мес.,больше 200 человек
10/12/2010 13:04:15,,другой,3,HTML/CSS/JavaScript,,100%,1,меньше 10 человек
10/12/2010 13:04:40,,Харьков,9,Python,1000,1000,"2,5",меньше 10 человек
10/12/2010 13:05:15,,Киев,4,Java,1900,500,1,больше 200 человек
10/12/2010 13:05:21,,другой,3,Java,1000,1000,3,больше 200 человек
10/12/2010 13:05:26,,Киев,7,C#/.NET,2100,900,5,больше 200 человек
10/12/2010 13:05:58,,Киев,7,Python,2500,700,24,10 - 50 человек
10/12/2010 13:06:33,,Киев,4,C#/.NET,1800,0,0,больше 200 человек
10/12/2010 13:07:06,,Харьков,10,Java,4400,2000,4,10 - 50 человек
10/12/2010 13:07:48,,другой,3,Python,,+100%,1,меньше 10 человек
10/12/2010 13:07:54,,Киев,4,QA/Testing,1700,500,4,больше 200 человек
10/12/2010 13:08:22,,другой,5,PHP,5000,3000,5 месяцев,50 - 200 человек
10/12/2010 13:09:10,,Львов,2,Java,1500,400,2,больше 200 человек
10/12/2010 13:09:29,,Львов,5 лет,Java,1500,400,5 лет,больше 200 человек
10/12/2010 13:10:19,,Киев,10 лет,Mobile,2500,500,6 мес,10 - 50 человек
10/12/2010 13:10:35,,Киев,3,QA/Testing,5500 гр,1000 гр,18 месяцев,10 - 50 человек
10/12/2010 13:10:35,,Киев,8,PHP,1700,0,0.5,50 - 200 человек
10/12/2010 13:10:43,,Киев,5,C++,,1500,3,10 - 50 человек
10/12/2010 13:10:56,,Киев,3,C++,870,300,2 года,больше 200 человек
10/12/2010 13:11:20,,Львов,10,C#/.NET,1100 eur,350,1.5 года,меньше 10 человек
10/12/2010 13:11:27,,Киев,"2,5 года",Python,1500,600,8 месяцев,больше 200 человек
10/12/2010 13:11:49,,Харьков,4,QA/Testing,1450,450,2.5,больше 200 человек
10/12/2010 13:12:52,,Харьков,6,C++,1600,200,6 vtczwd,больше 200 человек
10/12/2010 13:13:09,,Киев,6,Oracle,14000,5000,18 месяцев,меньше 10 человек
10/12/2010 13:13:13,,Харьков,3 года,C#/.NET,1800,700,"0,5 года",10 - 50 человек
10/12/2010 13:13:21,,Киев,6 років,PHP,2500,+1000,2 роки,меньше 10 человек
10/12/2010 13:13:30,,Киев,5,C#/.NET,1400,400,3,меньше 10 человек
10/12/2010 13:13:34,,другой,5,Gamedev,1600,500,5,меньше 10 человек
10/12/2010 13:13:49,,Киев,15 лет,Java,3300,330,11 лет,10 - 50 человек
10/12/2010 13:14:20,,Киев,2,Objective-C,2000,500,2,меньше 10 человек
10/12/2010 13:14:38,,Киев,4,PHP,850,650,2,50 - 200 человек
10/12/2010 13:14:50,,другой,3,C++,1400,2000,2,50 - 200 человек
10/12/2010 13:15:10,,Киев,4,C#/.NET,2500 usd,500,4 months,50 - 200 человек
10/12/2010 13:15:50,,другой,13,Oracle,1000,1500,7,больше 200 человек
10/12/2010 13:19:24,,другой,4,PHP,700,600,4 мес,10 - 50 человек
10/12/2010 13:20:11,,другой,9,PHP,1500,1000,2,50 - 200 человек
10/12/2010 13:21:04,,Киев,18,PHP,1500,500,6,меньше 10 человек
10/12/2010 13:21:06,,Киев,7,Oracle,1750,300,5,меньше 10 человек
10/12/2010 13:22:23,,Киев,3.5 года,Java,,700 багзов,25 месяцев,50 - 200 человек
10/12/2010 13:22:35,,Киев,12,PHP,2000,700,0.5,10 - 50 человек
10/12/2010 13:24:16,,Киев,1 год,Java,500,да пошел в жопу текущий работодатель,5 месяцев,меньше 10 человек
10/12/2010 13:26:20,,Львов,3,C++,1500,500,2,больше 200 человек
10/12/2010 13:26:45,,другой,19,Oracle,1800,700,10,10 - 50 человек
10/12/2010 13:27:23,,Киев,5,Python,4000,10000,2,10 - 50 человек
10/12/2010 13:29:29,,другой,3,C#/.NET,1300,700,3,10 - 50 человек
10/12/2010 13:31:42,,другой,3 года,PHP,310,450,2 года,меньше 10 человек
10/12/2010 13:32:30,,Киев,5,Project manager,960,540,4,10 - 50 человек
10/12/2010 13:32:42,,Киев,7,Project manager,3000,3000,3,10 - 50 человек
10/12/2010 13:32:57,,Киев,2,Java,3100,500,2,больше 200 человек
10/12/2010 13:32:57,,другой,5,Java,2300,0,2,50 - 200 человек
10/12/2010 13:33:46,,другой,7,PHP,60 000 рублей,10 000 рублей,2 месяца,10 - 50 человек
10/12/2010 13:34:45,,Киев,4.5,Python,2000,500,2 года,10 - 50 человек
10/12/2010 13:35:46,,Львов,4,QA/Testing,1300 $,500 $,4,50 - 200 человек
10/12/2010 13:36:45,,другой,5 лет,C++,2750,500,2 года,меньше 10 человек
10/12/2010 13:39:01,,Киев,12,Oracle,14860 грн,+50%,20 месяцев,50 - 200 человек
10/12/2010 13:39:09,,Киев,13 лет,C++,3300,1000,103 месяца,50 - 200 человек
10/12/2010 13:39:34,,Харьков,7,Java,2200,800,2 года,50 - 200 человек
10/12/2010 13:40:22,,Киев,1,Java,6000 UAH,не интересуюсь,1,больше 200 человек
10/12/2010 13:40:39,,Львов,15,C++,1800,1200,6,50 - 200 человек
10/12/2010 13:43:08,,Киев,10,PHP,2000,3-4 т. грн.,1 месяц,меньше 10 человек
10/12/2010 13:43:34,,другой,6,C++,1500,500,2 месяца,больше 200 человек
10/12/2010 13:45:18,,другой,2 года,PHP,20,5,1 месяц,10 - 50 человек
10/12/2010 13:45:39,,другой,7,QA/Testing,450,500,3,больше 200 человек
10/12/2010 13:46:11,,другой,6,C#/.NET,2500,500,4 месяца,больше 200 человек
10/12/2010 13:46:18,,другой,1,Flex/Flash/AIR,750,50,1,10 - 50 человек
10/12/2010 13:47:17,,Киев,4.5,C#/.NET,2200,500,3,больше 200 человек
10/12/2010 13:48:19,,другой,7,Flex/Flash/AIR,400,2000,1,50 - 200 человек
10/12/2010 13:48:33,,Харьков,4 года,Embedded,1050,400,2 года,50 - 200 человек
10/12/2010 13:49:03,,другой,5,Gamedev,600,1500,3,меньше 10 человек
10/12/2010 13:49:20,,Харьков,5,C#/.NET,2000,500,1.5,10 - 50 человек
10/12/2010 13:50:38,,другой,8,Project manager,2000,2000,7,больше 200 человек
10/12/2010 13:50:58,,другой,3 года,PHP,1050,1400,3 года,10 - 50 человек
10/12/2010 13:52:08,,другой,12,Objective-C,2000,1000,4,50 - 200 человек
10/12/2010 13:54:21,,Киев,8,Project manager,1600,900,1y,меньше 10 человек
10/12/2010 13:54:42,,Киев,2.5,C#/.NET,1300,500,1,меньше 10 человек
10/12/2010 13:55:16,,другой,10,C#/.NET,,500,10,больше 200 человек
10/12/2010 13:55:35,,Харьков,3,Java,1500,300,1,10 - 50 человек
10/12/2010 13:55:51,,другой,3 роки,C++,,20%,3 роки,10 - 50 человек
10/12/2010 13:57:21,,Киев,5,Java,2800,500,1,50 - 200 человек
10/12/2010 13:57:40,,Киев,8 лет,C#/.NET,3300,500,1 год,10 - 50 человек
10/12/2010 13:58:13,,другой,4 месяца,PHP,2500 лей,1500 лей,4 месяца,меньше 10 человек
10/12/2010 13:58:41,,Киев,3,Python,1800,1000,7 месяцев,меньше 10 человек
10/12/2010 13:58:50,,Киев,6,C#/.NET,3100,500,3 года,10 - 50 человек
10/12/2010 13:58:52,,Киев,800,Java,,200,1,больше 200 человек
10/12/2010 13:59:59,,другой,1,Python,2000,2000,1,больше 200 человек
10/12/2010 14:01:02,,другой,6,C#/.NET,2000,600,2,больше 200 человек
10/12/2010 14:01:05,,Киев,4y,Java,2100,700,9m,больше 200 человек
10/12/2010 14:01:50,,другой,8 лет,Java,1600,500,4 года,больше 200 человек
10/12/2010 14:02:57,,другой,4,Project manager,3500 uah,2000 uah,2,10 - 50 человек
10/12/2010 14:03:13,,Киев,11,Project manager,2700,500,4,больше 200 человек
10/12/2010 14:04:01,,Киев,4,Java,2000,0,2.5,больше 200 человек
10/12/2010 14:05:17,,Киев,4года,Java,2500,+500,7мес,больше 200 человек
10/12/2010 14:07:08,,Киев,12,C#/.NET,2000,1000,2,10 - 50 человек
10/12/2010 14:07:51,,Харьков,10,C#/.NET,1900,400,2,10 - 50 человек
10/12/2010 14:09:06,,Харьков,1,QA/Testing,500,500,1,10 - 50 человек
10/12/2010 14:14:00,,Киев,7,C#/.NET,1800,700,3,50 - 200 человек
10/12/2010 14:14:06,,Киев,1 год,HTML/CSS/JavaScript,500,200,1 год,10 - 50 человек
10/12/2010 14:15:44,,Киев,11,C#/.NET,2000,700,7,50 - 200 человек
10/12/2010 14:16:03,,Киев,10,Oracle,2000,10%,6,50 - 200 человек
10/12/2010 14:17:08,,Киев,2.5,C#/.NET,1200,600,0.5,50 - 200 человек
10/12/2010 14:21:25,,Львов,6 лет,Java,2300,2800,5 мес,больше 200 человек
10/12/2010 14:21:27,,Львов,3,Java,1300,500,2,больше 200 человек
10/12/2010 14:21:51,,другой,10,Java,1400,200,3,50 - 200 человек
10/12/2010 14:22:31,,Киев,5,C#/.NET,,500,3,больше 200 человек
10/12/2010 14:23:12,,Львов,5 лет,HTML/CSS/JavaScript,1000,+600,22 месяца,меньше 10 человек
10/12/2010 14:27:00,,Харьков,12,C#/.NET,1550,1000,11,больше 200 человек
10/12/2010 14:27:24,,Киев,9,C#/.NET,2700,500,4,меньше 10 человек
10/12/2010 14:27:36,,Киев,2,Java,1300,1000,1,больше 200 человек
10/12/2010 14:27:54,,Львов,3 years,QA/Testing,1300,no,6 month,больше 200 человек
10/12/2010 14:28:29,,Киев,5,Java,1700,400,1,больше 200 человек
10/12/2010 14:28:38,,Киев,10 месяцев,Java,600,400,4 месяца,больше 200 человек
10/12/2010 14:28:59,,Харьков,10,C#/.NET,2000,1000,6 мес,больше 200 человек
10/12/2010 14:29:06,,Киев,4,C#/.NET,2000,500,1,10 - 50 человек
10/12/2010 14:29:49,,другой,16 месяцев,Java,1200,500,16 месяцев,меньше 10 человек
10/12/2010 14:32:05,,Киев,5,C++,1300,500,1,больше 200 человек
10/12/2010 14:32:18,,Киев,4,C#/.NET,1400,600,0.5,больше 200 человек
10/12/2010 14:32:40,,Киев,3,Embedded,1000,500,3 месяца,50 - 200 человек
10/12/2010 14:33:13,,Киев,5 лет,C++,2000,1000,2 года,меньше 10 человек
10/12/2010 14:33:34,,Киев,2 года,Java,1200,300,1 год,больше 200 человек
10/12/2010 14:34:15,,Киев,4.5,C#/.NET,1900,700,0.5,больше 200 человек
10/12/2010 14:34:24,,Львов,12,Oracle,1800,0,5,больше 200 человек
10/12/2010 14:34:38,,Харьков,6,Project manager,1700,300,1,10 - 50 человек
10/12/2010 14:35:15,,Харьков,4,QA/Testing,950,250,2.5,больше 200 человек
10/12/2010 14:35:47,,другой,5,HTML/CSS/JavaScript,,10000,3,50 - 200 человек
10/12/2010 14:36:11,,Львов,3,QA/Testing,300,100,3,больше 200 человек
10/12/2010 14:36:37,,Львов,"3,5",Embedded,,500,"0,5",больше 200 человек
10/12/2010 14:36:41,,Киев,7,Java,2200,800,2,больше 200 человек
10/12/2010 14:36:56,,Киев,2,C++,2500,700,2 месяца,больше 200 человек
10/12/2010 14:37:13,,Харьков,3 года,QA/Testing,1300,400,"0,5 года",больше 200 человек
10/12/2010 14:37:50,,Киев,7,HTML/CSS/JavaScript,3500,1500,8 месяцев,10 - 50 человек
10/12/2010 14:38:00,,другой,20 лет,Flex/Flash/AIR,1500,0,2 года,10 - 50 человек
10/12/2010 14:38:31,,Киев,11,Mobile,13000,2000,26 месяцев,больше 200 человек
10/12/2010 14:39:29,,другой,12,C#/.NET,1500,3000,4,меньше 10 человек
10/12/2010 14:39:54,,Киев,3.5,Embedded,1800,400,3,больше 200 человек
10/12/2010 14:40:19,,другой,7,C#/.NET,1000,1000,6,больше 200 человек
10/12/2010 14:41:02,,Киев,"2,5",Java,1650,850,2,10 - 50 человек
10/12/2010 14:41:43,,Киев,10,C#/.NET,,700,2,меньше 10 человек
10/12/2010 14:42:40,,Харьков,13,C#/.NET,1800 USD,2700,13,больше 200 человек
10/12/2010 14:42:46,,Харьков,10,C#/.NET,2000,1000,6,меньше 10 человек
10/12/2010 14:43:34,,другой,16,C#/.NET,5200,7500,4,больше 200 человек
10/12/2010 14:44:17,,Киев,6,Mobile,3700,1000,3 месяца,больше 200 человек
10/12/2010 14:44:20,,другой,8 лет,PHP,1500 USD,700 USD,2 года,50 - 200 человек
10/12/2010 14:45:46,,другой,8,Oracle,1000,1300,1,больше 200 человек
10/12/2010 14:45:47,,другой,4,C#/.NET,,300,2,больше 200 человек
10/12/2010 14:45:55,,Львов,10,C#/.NET,2000,500-1000,5,10 - 50 человек
10/12/2010 14:46:03,,Киев,4,Java,1600,500,1,больше 200 человек
10/12/2010 14:46:39,,Киев,15,Project manager,3700,500,4,меньше 10 человек
10/12/2010 14:46:58,,Киев,2,Java,1650,500,2,10 - 50 человек
10/12/2010 14:47:12,,Харьков,"3,5",Project manager,1500,200,17,50 - 200 человек
10/12/2010 14:48:40,,Киев,3 y,QA/Testing,1000,30%,13 m,больше 200 человек
10/12/2010 14:50:00,,Киев,10,Project manager,3200,300,"3,5",больше 200 человек
10/12/2010 14:51:05,,Киев,10,Java,,500,"2,5 года",50 - 200 человек
10/12/2010 14:51:41,,Киев,11 лет,C++,1200,100,7 лет,10 - 50 человек
10/12/2010 14:52:01,,Львов,4,C#/.NET,1200,1600,5 месяцев,больше 200 человек
10/12/2010 14:52:59,,Львов,1 год,QA/Testing,400,150,1 год,больше 200 человек
10/12/2010 14:53:42,,Киев,5 лет,Ruby/Rails,3000,+3000,1.5 года,10 - 50 человек
10/12/2010 14:55:20,,другой,3,PHP,500,200,3,больше 200 человек
10/12/2010 14:55:25,,Харьков,2.5,C#/.NET,800,400,2.5,больше 200 человек
10/12/2010 14:56:25,,Киев,7,C#/.NET,,500,3,больше 200 человек
10/12/2010 14:57:12,,другой,3,C++,800,800,3,50 - 200 человек
10/12/2010 14:57:50,,другой,12,C#/.NET,1500,3000,4,меньше 10 человек
10/12/2010 14:57:54,,Львов,4,C#/.NET,1600,300,2,больше 200 человек
10/12/2010 14:58:19,,другой,4,Gamedev,1000,300,0.5,10 - 50 человек
10/12/2010 14:58:27,,Киев,7 лет,QA/Testing,1600,1000,3 года,больше 200 человек
10/12/2010 14:59:49,,Львов,4,C++,1200,500,2,50 - 200 человек
10/12/2010 15:00:12,,Киев,11 лет,Java,3800,0,1 год,10 - 50 человек
10/12/2010 15:00:36,,Киев,6,C#/.NET,2600,600,1,10 - 50 человек
10/12/2010 15:01:36,,другой,7,Java,2250,300,7,больше 200 человек
10/12/2010 15:03:13,,Харьков,4 года,QA/Testing,1400,600,2 года,больше 200 человек
10/12/2010 15:03:48,,Харьков,8 лет,C#/.NET,3500,0,1.5 года,10 - 50 человек
10/12/2010 15:04:27,,Киев,9,Oracle,1000,1500,5,50 - 200 человек
10/12/2010 15:05:46,,другой,15,Project manager,,500,5,больше 200 человек
10/12/2010 15:05:57,,Киев,8,C#/.NET,3400,600,0.5,10 - 50 человек
10/12/2010 15:06:42,,Киев,5,C#/.NET,,500,1,больше 200 человек
10/12/2010 15:06:44,,Харьков,1,PHP,600,200,1,меньше 10 человек
10/12/2010 15:08:10,,Киев,6,Flex/Flash/AIR,3200,500,15m,10 - 50 человек
10/12/2010 15:09:20,,Киев,8,Java,2300,+200,1 год,больше 200 человек
10/12/2010 15:10:49,,Киев,3,C#/.NET,1600,600,3,10 - 50 человек
10/12/2010 15:13:08,,другой,5 лет,Ruby/Rails,1650,+ 80%,2 года,10 - 50 человек
10/12/2010 15:13:21,,Киев,11 лет,Embedded,гривна,+500$,11 лет,больше 200 человек
10/12/2010 15:14:28,,Львов,6,Python,,$1000,16 месяцев,больше 200 человек
10/12/2010 15:16:18,,Киев,8,C#/.NET,2500,500,2,меньше 10 человек
10/12/2010 15:17:40,,другой,4,C#/.NET,3000,2000,2,меньше 10 человек
10/12/2010 15:18:14,,Киев,2,QA/Testing,900,400,"0,5",больше 200 человек
10/12/2010 15:20:56,,другой,5,Java,2700,800,3,меньше 10 человек
10/12/2010 15:22:02,,Киев,10,C#/.NET,3300,0,2mon,меньше 10 человек
10/12/2010 15:22:11,,Киев,7,PHP,3000,1000,1.5 года,меньше 10 человек
10/12/2010 15:22:30,,другой,8,Java,1000,1000,2,больше 200 человек
10/12/2010 15:24:28,,Киев,10,Embedded,1500 USD,1000 USD,2,50 - 200 человек
10/12/2010 15:24:33,,Харьков,4,C#/.NET,1500,1000,6 месяцев,больше 200 человек
10/12/2010 15:27:09,,Харьков,Харьков,Project manager,3300,1200,3 года,10 - 50 человек
10/12/2010 15:27:38,,Харьков,4,QA/Testing,,1000,3.5,больше 200 человек
10/12/2010 15:28:00,,Киев,1 год,QA/Testing,3000 грн,+1000,1.5 лет,10 - 50 человек
10/12/2010 15:28:35,,другой,2 года,PHP,500,300,2 месяца,меньше 10 человек
10/12/2010 15:29:17,,Киев,7 лет,Project manager,3500 USD,+50%,5 лет,10 - 50 человек
10/12/2010 15:31:24,,Львов,4,Java,1.5,600,8,50 - 200 человек
10/12/2010 15:31:27,,Львов,12,Project manager,4000,1000,8,50 - 200 человек
10/12/2010 15:31:48,,Харьков,14,C++,1800,+500,5 месяцев,больше 200 человек
10/12/2010 15:34:05,,Киев,3,Flex/Flash/AIR,1000,1000,1 месяц,10 - 50 человек
10/12/2010 15:37:53,,другой,15,C++,4500,2000,4,больше 200 человек
10/12/2010 15:39:08,,Киев,4.5,C#/.NET,,500,1.5,больше 200 человек
10/12/2010 15:39:53,,другой,3 года ,PHP,4000 грн,0,6 мес,10 - 50 человек
10/12/2010 15:40:36,,Киев,4,Java,2300,1000,3,больше 200 человек
10/12/2010 15:43:07,,другой,5,PHP,2700,1000,2.5,50 - 200 человек
10/12/2010 15:43:10,,Львов,2,Java,700,700,2,больше 200 человек
10/12/2010 15:48:25,,Киев,6,Java,2000,500,2,больше 200 человек
10/12/2010 15:49:14,,Киев,7 лет,Java,3200,1000,4 года,больше 200 человек
10/12/2010 15:49:31,,Львов,"4,5",Oracle,2200,200,2,больше 200 человек
10/12/2010 15:51:16,,Харьков,7,QA/Testing,1800,600,5,больше 200 человек
10/12/2010 15:55:36,,Харьков,4,QA/Testing,1250,750,9 месяцев ,10 - 50 человек
10/12/2010 15:55:56,,Львов,2,C++,650,350,2,10 - 50 человек
10/12/2010 15:58:19,,Киев,6,C#/.NET,2000,600,2,меньше 10 человек
10/12/2010 16:00:33,,другой,3,C++,600,600,3,10 - 50 человек
10/12/2010 16:03:27,,Киев,2 года,Java,1500 USD,500 USD,2 года,10 - 50 человек
10/12/2010 16:04:31,,Харьков,6,C#/.NET,1400,400,4,больше 200 человек
10/12/2010 16:04:41,,Львов,5,C++,2600,400,2,больше 200 человек
10/12/2010 16:04:48,,Киев,10,Project manager,2600,600,2,меньше 10 человек
10/12/2010 16:06:30,,Киев,12.5,Project manager,3300,500,5.5,больше 200 человек
10/12/2010 16:08:21,,другой,8,Project manager,5000 грн,0,5,больше 200 человек
10/12/2010 16:09:54,,Киев,3,Java,3000,800,1,50 - 200 человек
10/12/2010 16:10:51,,Львов,5,Embedded,700,200,5,больше 200 человек
10/12/2010 16:11:01,,Харьков,5,C#/.NET,2500,500,2,10 - 50 человек
10/12/2010 16:11:08,,Киев,3 года,Python,400,400,1 год,10 - 50 человек
10/12/2010 16:13:31,,Киев,4,C#/.NET,1500,+500,2,меньше 10 человек
10/12/2010 16:14:39,,другой,6,C++,450,500,7,10 - 50 человек
10/12/2010 16:15:27,,Харьков,5 лет,C#/.NET,2700,600,20 месяцев,10 - 50 человек
10/12/2010 16:15:30,,Львов,3,Flex/Flash/AIR,1800,1000,1,меньше 10 человек
10/12/2010 16:15:57,,другой,5,Java,600,400,2,меньше 10 человек
10/12/2010 16:17:21,,другой,6,C#/.NET,1000 $,200,2,меньше 10 человек
10/12/2010 16:17:49,,Киев,10,Flex/Flash/AIR,1500,1000,1,меньше 10 человек
10/12/2010 16:18:23,,Киев,6 лет,PHP,1600,200,4 мес,10 - 50 человек
10/12/2010 16:19:50,,другой,10,C#/.NET,1800,1000,5,50 - 200 человек
10/12/2010 16:20:29,,Киев,8,HTML/CSS/JavaScript,2300,500,2,10 - 50 человек
10/12/2010 16:20:55,,Харьков,4 года,Java,1400,400,10 месяцев,50 - 200 человек
10/12/2010 16:21:09,,другой,3 года,PHP,23000 руб.,10000 р.,2 года,10 - 50 человек
10/12/2010 16:21:18,,Киев,5,Project manager,2600,1000,3,50 - 200 человек
10/12/2010 16:24:00,,Киев,6,Java,$14.2 в час,"нет, спасибо",3,меньше 10 человек
10/12/2010 16:24:11,,Харьков,4,Java,1400,300,2,10 - 50 человек
10/12/2010 16:26:20,,Львов,5,C++,1700,700,3,50 - 200 человек
10/12/2010 16:27:09,,другой,5,C#/.NET,,500,3,10 - 50 человек
10/12/2010 16:28:13,,Киев,7,Flex/Flash/AIR,,100,3,меньше 10 человек
10/12/2010 16:28:19,,Львов,7,PHP,2800,+600 USD,2 month,меньше 10 человек
10/12/2010 16:28:52,,Киев,7,C#/.NET,1900,500,1,10 - 50 человек
10/12/2010 16:29:49,,Киев,8,C#/.NET,2000,0,5 мес,больше 200 человек
10/12/2010 16:30:28,,Киев,"5,5 лет",Java,3250,1500,1 месяц,больше 200 человек
10/12/2010 16:32:21,,Киев,6,Mobile,2300,+20%,6 месяцев,50 - 200 человек
10/12/2010 16:40:55,,Киев,7,QA/Testing,1200,2000,4,10 - 50 человек
10/12/2010 16:40:57,,Харьков,3 месяца,Java,200,300,3 месяца,50 - 200 человек
10/12/2010 16:41:11,,Киев,"1,5 года",C#/.NET,850,300,"1,5 года",меньше 10 человек
10/12/2010 16:42:47,,другой,4 года,Java,1700,500,14 месяцев,10 - 50 человек
10/12/2010 16:45:10,,Киев,"0,6",QA/Testing,800,300,3 месяца,больше 200 человек
10/12/2010 16:45:52,,Львов,6+,HTML/CSS/JavaScript,1500,500,~2,меньше 10 человек
10/12/2010 16:49:02,,Харьков,4,PHP,1100,500,3,10 - 50 человек
10/12/2010 16:57:36,,Киев,10,C#/.NET,3800,800,4,10 - 50 человек
10/12/2010 16:59:01,,другой,2 года,QA/Testing,,500,6 месяцев,больше 200 человек
10/12/2010 16:59:31,,Киев,"2,5 года",PHP,7000 грн,0,2 года,меньше 10 человек
10/12/2010 17:00:07,,Киев,15,Java,,600,3,10 - 50 человек
10/12/2010 17:00:30,,Харьков,4,Project manager,,1000,3,меньше 10 человек
10/12/2010 17:03:15,,другой,10,Project manager,2000,1000,6,10 - 50 человек
10/12/2010 17:03:21,,Львов,3,C#/.NET,,700,1,меньше 10 человек
10/12/2010 17:06:33,,Киев,10,PHP,2500,500,2.5 года,больше 200 человек
10/12/2010 17:07:35,,Харьков,3,PHP,1200,400,1,меньше 10 человек
10/12/2010 17:07:49,,другой,4,PHP,1200,1000,1,10 - 50 человек
10/12/2010 17:11:12,,другой,5,PHP,1200,800,1,10 - 50 человек
10/12/2010 17:12:08,,другой,3,Java,1200,500,0,10 - 50 человек
10/12/2010 17:12:26,,Киев,6,QA/Testing,2000,1000,1,больше 200 человек
10/12/2010 17:13:04,,Киев,5,C#/.NET,1600,400,1.5 года,больше 200 человек
10/12/2010 17:13:24,,Киев,4,Java,2000,500,4 месяца,больше 200 человек
10/12/2010 17:15:19,,Киев,"2,5 года",HTML/CSS/JavaScript,1900,500,"2,5 года",больше 200 человек
10/12/2010 17:15:20,,Киев,2,Java,2200,1000,1,50 - 200 человек
10/12/2010 17:15:42,,Харьков,15,C#/.NET,2050,500,6,больше 200 человек
10/12/2010 17:17:49,,Львов,3,Java,1500,1000,3,10 - 50 человек
10/12/2010 17:17:51,,другой,3,PHP,4000 грн,1500,3,меньше 10 человек
10/12/2010 17:17:56,,Львов,8,Oracle,1900,500,2,больше 200 человек
10/12/2010 17:18:34,,Харьков,3,C#/.NET,1400,1000,3,50 - 200 человек
10/12/2010 17:19:51,,Киев,3,Oracle,,8000,3 года,10 - 50 человек
10/12/2010 17:19:55,,Киев,3 года,C#/.NET,1100 евро,800+ евро,2,10 - 50 человек
10/12/2010 17:20:26,,другой,15,C#/.NET,1000,300,6,меньше 10 человек
10/12/2010 17:20:44,,другой,7,PHP,2000,0,7,меньше 10 человек
10/12/2010 17:21:01,,Киев,4,Java,,300,1,больше 200 человек
10/12/2010 17:21:07,,Харьков,3 года,Flex/Flash/AIR,1000,1000,3 года,50 - 200 человек
10/12/2010 17:21:27,,другой,10 лет,QA/Testing,1000,600,7 лет,меньше 10 человек
10/12/2010 17:21:36,,Киев,5,C#/.NET,2500,300,1,меньше 10 человек
10/12/2010 17:21:41,,другой,"2,5 года",Java,6500 грн,2000 грн,"2,5 года",50 - 200 человек
10/12/2010 17:22:13,,Харьков,10+,QA/Testing,1700 евро,600 евро,3,10 - 50 человек
10/12/2010 17:22:41,,Харьков,9 месяцев,Java,450,200,9 месяцев,больше 200 человек
10/12/2010 17:23:03,,Харьков,7,Flex/Flash/AIR,1400,1600,3,10 - 50 человек
10/12/2010 17:23:07,,Киев,5,Project manager,2000,1000,5,50 - 200 человек
10/12/2010 17:23:08,,Харьков,16,Project manager,3000,1000,3,50 - 200 человек
10/12/2010 17:24:08,,Киев,12 лет,PHP,4000,1000,2 года,10 - 50 человек
10/12/2010 17:24:22,,Харьков,3,Oracle,3200 грн,5000,3,больше 200 человек
10/12/2010 17:24:25,,Киев,1,Java,,500,1,больше 200 человек
10/12/2010 17:24:31,,Харьков,6,C#/.NET,2500,500,3,10 - 50 человек
10/12/2010 17:25:29,,Харьков,2.5,C#/.NET,1200,300,2 мес,10 - 50 человек
10/12/2010 17:25:43,,Харьков,5,Embedded,1200,400,3,50 - 200 человек
10/12/2010 17:26:17,,Харьков,4,Ruby/Rails,1500,500,3 месяца,меньше 10 человек
10/12/2010 17:27:39,,Киев,7лет,C#/.NET,3000,500,2года,меньше 10 человек
10/12/2010 17:28:20,,другой,3,PHP,,15000 руб.,2,меньше 10 человек
10/12/2010 17:29:03,,Киев,3,Java,1000,500,4 месяца,больше 200 человек
10/12/2010 17:29:19,,Харьков,8,Project manager,3000,1000,6,50 - 200 человек
10/12/2010 17:29:59,,Киев,5,PHP,2000,30,1,больше 200 человек
10/12/2010 17:30:30,,Киев,8,HTML/CSS/JavaScript,1400,0,1.5 года,больше 200 человек
10/12/2010 17:31:52,,Львов,2,Java,1000,500,6 міс,50 - 200 человек
10/12/2010 17:32:25,,Киев,10,Oracle,2300,3000,6,больше 200 человек
10/12/2010 17:32:55,,Харьков,3 года,PHP,800,1200,8 месяцев,10 - 50 человек
10/12/2010 17:33:20,,Харьков,3,Gamedev,2000,500,3,10 - 50 человек
10/12/2010 17:33:22,,Киев,13,Mobile,,50%,10,больше 200 человек
10/12/2010 17:33:35,,другой,0,Java,300,0,1 месяц,50 - 200 человек
10/12/2010 17:34:01,,Киев,11,C#/.NET,3600,500,3,50 - 200 человек
10/12/2010 17:34:06,,Киев,11 лет,Oracle,1875,625,3 года,50 - 200 человек
10/12/2010 17:34:11,,Львов,11,Java,2750,1000,4,больше 200 человек
10/12/2010 17:34:35,,Киев,5 лет,PHP,600,1500,2 года,меньше 10 человек
10/12/2010 17:34:58,,Киев,10,Embedded,1500eur,1500eur,3m,10 - 50 человек
10/12/2010 17:35:22,,Киев,4.5,Java,2500,2000,2,10 - 50 человек
10/12/2010 17:35:57,,Киев,5,HTML/CSS/JavaScript,2780,1220,2,50 - 200 человек
10/12/2010 17:36:13,,другой,3,Java,200,100,0.5,меньше 10 человек
10/12/2010 17:36:29,,Киев,6,Java,1500,50%,1,больше 200 человек
10/12/2010 17:36:40,,другой,13,C#/.NET,2200,500,1,меньше 10 человек
10/12/2010 17:37:42,,другой,3,PHP,1000,0,1 год,10 - 50 человек
10/12/2010 17:38:24,,Киев,5,C++,1200,1000,2,10 - 50 человек
10/12/2010 17:40:37,,Киев,30,Project manager,1250,30%,29,меньше 10 человек
10/12/2010 17:41:13,,Киев,3,Java,1300,300,1,меньше 10 человек
10/12/2010 17:41:25,,Киев,4,Mobile,2000,500,2,10 - 50 человек
10/12/2010 17:41:58,,другой,8,PHP,6000,2000,2,10 - 50 человек
10/12/2010 17:44:56,,Киев,8 years,PHP,$2000,$500,1 year,больше 200 человек
10/12/2010 17:45:26,,Киев,3,HTML/CSS/JavaScript,1400,600,1,50 - 200 человек
10/12/2010 17:47:57,,Харьков,6 лет 6 мес,C#/.NET,1400,400,6 лет 6 мес,50 - 200 человек
10/12/2010 17:48:33,,другой,5 лет,C++,8000,0,2 года,меньше 10 человек
10/12/2010 17:48:43,,Киев,2,PHP,,2000,2 мес,меньше 10 человек
10/12/2010 17:50:20,,Харьков,4.5 года,QA/Testing,1500,2000,5 месяцев,больше 200 человек
10/12/2010 17:50:48,,Харьков,3,Python,1200,800,1,10 - 50 человек
10/12/2010 17:52:30,,другой,8,C#/.NET,2300,700,2 года,меньше 10 человек
10/12/2010 17:53:24,,другой,8,Project manager,2700,3500,8,больше 200 человек
10/12/2010 17:53:36,,Киев,4 года 2 месяца,QA/Testing,,4000 грн.,10 месяцев,больше 200 человек
10/12/2010 17:53:47,,Харьков,2,C#/.NET,700,400,0.8,50 - 200 человек
10/12/2010 17:56:08,,другой,10,C#/.NET,1000,500,1,меньше 10 человек
10/12/2010 17:56:39,,Львов,3 года,C#/.NET,1100,1000,3 года,больше 200 человек
10/12/2010 17:56:40,,Львов,5 років,C#/.NET,2100,0,6 місяців,10 - 50 человек
10/12/2010 17:58:18,,Киев,10,Embedded,1700,+1000,5,10 - 50 человек
10/12/2010 18:02:21,,другой,7,Python,1692,1000,5 месяцев,10 - 50 человек
10/12/2010 18:02:37,,Харьков,4,PHP,2000,от 4000$ до ~,1,меньше 10 человек
10/12/2010 18:03:54,,другой,2,Java,800,800,"1,5",50 - 200 человек
10/12/2010 18:04:00,,Киев,4,HTML/CSS/JavaScript,,500,1.5,меньше 10 человек
10/12/2010 18:05:08,,Харьков,4,C#/.NET,1800,500,3,50 - 200 человек
10/12/2010 18:07:57,,Киев,5,C++,1900,500,3,50 - 200 человек
10/12/2010 18:08:14,,Харьков,7,PHP,2000,900,2 года,50 - 200 человек
10/12/2010 18:09:06,,Киев,1,Java,700,1200,1,больше 200 человек
10/12/2010 18:09:32,,Харьков,4.5,C#/.NET,1500,1000,1.5,50 - 200 человек
10/12/2010 18:09:38,,Львов,10,C++,,1,10,больше 200 человек
10/12/2010 18:12:33,,Киев,6,C#/.NET,2300,500,3,больше 200 человек
10/12/2010 18:12:46,,Киев,6,Ruby/Rails,2500,1000,1.5 лет,10 - 50 человек
10/12/2010 18:14:16,,Львов,16,Java,2700,5400,2 місяці,50 - 200 человек
10/12/2010 18:14:40,,Киев,4,C++,,400,3,больше 200 человек
10/12/2010 18:15:31,,Харьков,10,Oracle,1000,300,10,50 - 200 человек
10/12/2010 18:16:10,,Киев,10+,Java,2500,30%,13 monts,больше 200 человек
10/12/2010 18:17:34,,Киев,2,Java,2000,700,3,10 - 50 человек
10/12/2010 18:23:32,,Харьков,11,QA/Testing,1200,500,6 месяцев,больше 200 человек
10/12/2010 18:26:06,,Киев,5,Objective-C,2100,500,5,больше 200 человек
10/12/2010 18:26:42,,Львов,15,QA/Testing,2200,400,5,больше 200 человек
10/12/2010 18:28:11,,Киев,8,PHP,1000,300,12 мес,меньше 10 человек
10/12/2010 18:29:02,,Киев,3,Java,1500,100,3,больше 200 человек
10/12/2010 18:29:09,,другой,3 года,Python,2500,3500,2 месяца,меньше 10 человек
10/12/2010 18:30:09,,Киев,3,Flex/Flash/AIR,2100,900,2,больше 200 человек
10/12/2010 18:31:06,,Киев,4,Python,1400,600,"1,5 года",50 - 200 человек
10/12/2010 18:31:51,,Киев,2.5,C#/.NET,1800,800,2.5,больше 200 человек
10/12/2010 18:31:56,,Киев,10,C#/.NET,10000,5000,2,10 - 50 человек
10/12/2010 18:40:19,,Киев,8,Java,2800,500,2,10 - 50 человек
10/12/2010 18:43:23,,Киев,6,Mobile,2800,35%,1 месяц,50 - 200 человек
10/12/2010 18:43:48,,Киев,9,Embedded,2000,> 33%,1 месяц,больше 200 человек
10/12/2010 18:44:39,,Харьков,5,Embedded,1000,500,3,50 - 200 человек
10/12/2010 18:45:48,,Киев,3,QA/Testing,1700,400,2,больше 200 человек
10/12/2010 18:45:51,,Львов,4,QA/Testing,1800,500,3,больше 200 человек
10/12/2010 18:46:14,,другой,10,Mobile,2200,500,3,10 - 50 человек
10/12/2010 18:49:01,,Киев,3года,C#/.NET,1650,400уе,6 мес,10 - 50 человек
10/12/2010 18:49:05,,Киев,4 года,QA/Testing,1600,50%,2 года 6 месяцев,50 - 200 человек
10/12/2010 18:49:40,,Киев,6,Project manager,3000,100%,4,50 - 200 человек
10/12/2010 18:50:03,,Киев,3,Flex/Flash/AIR,1500,500,1 год,больше 200 человек
10/12/2010 18:52:26,,Киев,4,Embedded,1500,1500,1,больше 200 человек
10/12/2010 18:53:43,,Киев,5 месяцев,C#/.NET,5000 грн,3000,5 месяцев,10 - 50 человек
10/12/2010 18:54:04,,другой,6 месяцев,C#/.NET,300,300,6 месяцев,10 - 50 человек
10/12/2010 18:54:13,,Киев,2,PHP,2000,30%,2,10 - 50 человек
10/12/2010 18:54:16,,Харьков,5 лет,C#/.NET,2000,2000,6 мес,10 - 50 человек
10/12/2010 18:54:50,,Киев,7,Java,3500,700,2 месяца,больше 200 человек
10/12/2010 19:02:48,,Киев,6,PHP,,300,2,больше 200 человек
10/12/2010 19:03:17,,другой,12,Python,,1,8,меньше 10 человек
10/12/2010 19:03:49,,Киев,6,Embedded,1500,1000,1,50 - 200 человек
10/12/2010 19:05:00,,Киев,3,Embedded,,в два раза,2,50 - 200 человек
10/12/2010 19:09:38,,Киев,10,Java,2920,200,12,меньше 10 человек
10/12/2010 19:11:29,,Харьков,6 мес.,QA/Testing,350,150,6 мес,50 - 200 человек
10/12/2010 19:16:07,,Львов,4.5,QA/Testing,,500,3.5,больше 200 человек
10/12/2010 19:16:27,,Киев,9,C++,2600,300,2,меньше 10 человек
10/12/2010 19:16:30,,Киев,5,C#/.NET,,500,5,меньше 10 человек
10/12/2010 19:18:51,,Киев,11,Java,3600,3000,1 год,10 - 50 человек
10/12/2010 19:21:32,,Киев,4,Project manager,2500,1000,2,10 - 50 человек
10/12/2010 19:21:48,,другой,3,Flex/Flash/AIR,100,-100,1,меньше 10 человек
10/12/2010 19:24:47,,Киев,7 лет,PHP,2000,500,1 год,больше 200 человек
10/12/2010 19:24:57,,Киев,1,C#/.NET,,300,1,меньше 10 человек
10/12/2010 19:24:57,,Киев,1,C#/.NET,,300,1,меньше 10 человек
10/12/2010 19:26:24,,другой,8,Java,1500,300,5,больше 200 человек
10/12/2010 19:26:28,,Харьков,6 месяцев,QA/Testing,300,300,6 месяцев,50 - 200 человек
10/12/2010 19:28:52,,Киев,11,C#/.NET,2500,700,4,больше 200 человек
10/12/2010 19:29:22,,Киев,7,C#/.NET,1725,750,1.5,больше 200 человек
10/12/2010 19:32:44,,Киев,9,PHP,2000,2000,3,меньше 10 человек
10/12/2010 19:32:59,,Киев,5,Project manager,2200,500,2,50 - 200 человек
10/12/2010 19:35:22,,другой,4,C++,800,200,1,50 - 200 человек
10/12/2010 19:39:18,,Киев,5 лет,Ruby/Rails,1600,600,1 лет,меньше 10 человек
10/12/2010 19:46:53,,Киев,4 года,Java,2600,500,6 месяцев,50 - 200 человек
10/12/2010 19:46:55,,Киев,3 года,Project manager,1500,300,20 месяцев,10 - 50 человек
10/12/2010 19:47:32,,Киев,3,Java,1700,800,1,меньше 10 человек
10/12/2010 19:49:44,,Киев,10,Java,3100,500,2 года,больше 200 человек
10/12/2010 19:50:23,,Киев,5 месяцев,Objective-C,700,2000,1 месяц,10 - 50 человек
10/12/2010 19:50:25,,другой,30,QA/Testing,,2000,5,50 - 200 человек
10/12/2010 19:53:11,,Харьков,6 месяцев,C#/.NET,600,+600,3 месяца,больше 200 человек
10/12/2010 20:00:52,,другой,9,Java,3000,500,2,больше 200 человек
10/12/2010 20:01:35,,другой,8,Ruby/Rails,3000,1000,3,меньше 10 человек
10/12/2010 20:03:55,,другой,10,C#/.NET,,200,5,10 - 50 человек
10/12/2010 20:04:46,,Киев,1,C#/.NET,300,0,5,больше 200 человек
10/12/2010 20:07:14,,Киев,10,C#/.NET,2500,500,2,больше 200 человек
10/12/2010 20:08:23,,другой,"2,5 года",C#/.NET,7200 грн,7000-8000 грн,2 года,10 - 50 человек
10/12/2010 20:15:10,,Киев,3,Java,1450,300,1,больше 200 человек
10/12/2010 20:18:42,,другой,1,Mobile,1400,800,6 месяцев,больше 200 человек
10/12/2010 20:18:59,,другой,2,QA/Testing,1000,Витя,1 месяц,больше 200 человек
10/12/2010 20:21:37,,другой,11,C++,1300,400,2 года,больше 200 человек
10/12/2010 20:24:06,,другой,5 года,Project manager,200,0,2 года,10 - 50 человек
10/12/2010 20:28:26,,Львов,2 роки,Objective-C,700,300,9 місяців,меньше 10 человек
10/12/2010 20:36:31,,Киев,3,C#/.NET,1500,0,0.5,больше 200 человек
10/12/2010 20:37:50,,Львов,14,Embedded,3500,1000,2,10 - 50 человек
10/12/2010 20:40:04,,Киев,4 years,PHP,2000,400,3 months,больше 200 человек
10/12/2010 20:42:10,,Киев,4.5 года,C++,2000 $,2000,1.5 года,меньше 10 человек
10/12/2010 20:47:33,,Харьков,2,Ruby/Rails,800,400,1,50 - 200 человек
10/12/2010 20:58:19,,Киев,10,C#/.NET,2500,500,3,50 - 200 человек
10/12/2010 20:59:16,,Харьков,3 года,Java,1500 $,1000 $,2 недели,10 - 50 человек
10/12/2010 20:59:25,,Львов,1 рік,PHP,220,400,4 місяці,10 - 50 человек
10/12/2010 20:59:58,,Киев,10,C#/.NET,1000,500,5 Лет,50 - 200 человек
10/12/2010 21:04:04,,Киев,7,C#/.NET,3000,3800,3,больше 200 человек
10/12/2010 21:08:03,,Харьков,6.5 лет,C#/.NET,2800 $,500-700$,4 месяца,50 - 200 человек
10/12/2010 21:08:38,,Киев,2 года,Objective-C,1000,700,2 года,10 - 50 человек
10/12/2010 21:10:20,,другой,7,Embedded,2500,2500,1,меньше 10 человек
10/12/2010 21:14:36,,Киев,"3,5 года",Project manager,15000 грн,6000 грн,"1,5 года",10 - 50 человек
10/12/2010 21:14:54,,Киев,3,Flex/Flash/AIR,1600 $,1000 $,1 год,10 - 50 человек
10/12/2010 21:16:10,,другой,10,C++,2000,300,4,больше 200 человек
10/12/2010 21:19:22,,Киев,10,PHP,900,400,11 місяців,10 - 50 человек
10/12/2010 21:20:21,,Львов,8,Project manager,3000,500,4,больше 200 человек
10/12/2010 21:28:09,,Киев,4 года,Java,1100,600,4 месяца,10 - 50 человек
10/12/2010 21:29:49,,другой,6,PHP,2400,600,3,меньше 10 человек
10/12/2010 21:29:51,,Киев,5,Java,3000,500,2 мес,больше 200 человек
10/12/2010 21:33:05,,Харьков,7,Project manager,3000,3000,5,50 - 200 человек
10/12/2010 21:34:42,,Львов,2+,C#/.NET,850,1400,2+,больше 200 человек
10/12/2010 21:36:35,,Харьков,"1,5",Objective-C,500,300,"1,5",10 - 50 человек
10/12/2010 21:36:45,,Харьков,6,C#/.NET,2500,500,3,10 - 50 человек
10/12/2010 21:40:14,,другой,5,C#/.NET,900,300,4,50 - 200 человек
10/12/2010 21:41:17,,Киев,10,HTML/CSS/JavaScript,1200,500,1мeс,больше 200 человек
10/12/2010 21:42:01,,Харьков,5,QA/Testing,2000,700,1,больше 200 человек
10/12/2010 21:42:18,,Киев,10,C#/.NET,300,50,3,50 - 200 человек
10/12/2010 21:43:03,,Киев,3,Java,200,150,2,10 - 50 человек
10/12/2010 21:44:30,,Львов,5 years,Java,2000,1000,2 years,10 - 50 человек
10/12/2010 21:44:33,,Киев,10,HTML/CSS/JavaScript,2000,500,3,больше 200 человек
10/12/2010 21:46:00,,Киев,3 года,C#/.NET,1900,3000,3 месяца,10 - 50 человек
10/12/2010 21:48:47,,другой,"7,5",PHP,625,500,"2,5",50 - 200 человек
10/12/2010 21:50:34,,Киев,10,Java,2000,500,1,больше 200 человек
10/12/2010 21:52:32,,Львов,5,Embedded,,1000,1.5,50 - 200 человек
10/12/2010 21:54:08,,Киев,2,Java,2000,1000,1 год,больше 200 человек
10/12/2010 21:56:16,,Киев,4.5,C#/.NET,1500,500,4.5,50 - 200 человек
10/12/2010 21:57:17,,Киев,11,Mobile,3300 $,700 $,5 мес,50 - 200 человек
10/12/2010 21:59:20,,другой,3,Mobile,$1000,$500,2 месяца,10 - 50 человек
10/12/2010 22:02:09,,Киев,4,Java,2150,2500,5 months,больше 200 человек
10/12/2010 22:02:17,,другой,2,PHP,400,600,1.5,меньше 10 человек
10/12/2010 22:02:56,,Киев,6+ лет,Project manager,2000,1000,6 месяцев,меньше 10 человек
10/12/2010 22:07:22,,Киев,6,PHP,1500,1500,2,меньше 10 человек
10/12/2010 22:07:27,,Харьков,10,Java,,-1,0.5,больше 200 человек
10/12/2010 22:08:42,,Харьков,9,Java,3500,1000,5,меньше 10 человек
10/12/2010 22:11:20,,Харьков,1,Java,1200,500,6 месяцев,больше 200 человек
10/12/2010 22:12:26,,другой,5,Mobile,1500,500,5,меньше 10 человек
10/12/2010 22:13:28,,Киев,5,PHP,1500,500,"1,5 місяці",больше 200 человек
10/12/2010 22:14:12,,Киев,5,C#/.NET,1700,1000,3,больше 200 человек
10/12/2010 22:14:20,,другой,2,C#/.NET,370,100,2,больше 200 человек
10/12/2010 22:16:52,,Киев,10,C++,1600,800,1,50 - 200 человек
10/12/2010 22:17:04,,Харьков,5,Ruby/Rails,,1000,4,50 - 200 человек
10/12/2010 22:17:28,,Киев,6,Java,,300,0.1,больше 200 человек
10/12/2010 22:18:26,,другой,5,PHP,1200,600,5,10 - 50 человек
10/12/2010 22:19:27,,другой,4,Java,,500 $,4,10 - 50 человек
10/12/2010 22:20:39,,Харьков,10 лет,Java,800,500,2 мес,10 - 50 человек
10/12/2010 22:23:50,,Киев,4,Mobile,1100,2500,4 года,10 - 50 человек
10/12/2010 22:24:52,,Киев,17,Oracle,2200,+300 USD,5 мес.,50 - 200 человек
10/12/2010 22:25:42,,Львов,3,C#/.NET,1200,300,3,50 - 200 человек
10/12/2010 22:27:12,,Киев,6,C++,,500,1,больше 200 человек
10/12/2010 22:28:24,,Киев,10,Project manager,4000,1000,8,10 - 50 человек
10/12/2010 22:29:27,,Киев,4,C#/.NET,2400,400,1,больше 200 человек
10/12/2010 22:29:57,,Харьков,3,QA/Testing,1100,400,1 месяц,больше 200 человек
10/12/2010 22:30:29,,Львов,7 лет,Java,1500 USD,500 USD,7 лет,10 - 50 человек
10/12/2010 22:34:24,,Киев,3,C#/.NET,1700,500,2,больше 200 человек
10/12/2010 22:34:32,,другой,6,Ruby/Rails,1500,1700,2,меньше 10 человек
10/12/2010 22:35:03,,Львов,5,C#/.NET,1300eur,300,1,меньше 10 человек
10/12/2010 22:38:12,,другой,7,Flex/Flash/AIR,600,600,1,меньше 10 человек
10/12/2010 22:39:19,,Киев,5,C#/.NET,,500-700,4,меньше 10 человек
10/12/2010 22:41:38,,Киев,8,HTML/CSS/JavaScript,1200,200,3,меньше 10 человек
10/12/2010 22:42:47,,другой,5,PHP,2200,500,18 months,10 - 50 человек
10/12/2010 22:44:13,,Киев,2,Java,1500,1500,1,больше 200 человек
10/12/2010 22:48:03,,Киев,"3,5 года",C#/.NET,1500,700,1 месяц,меньше 10 человек
10/12/2010 22:57:01,,Киев,6,C#/.NET,1700,1000,2.5 месяца,10 - 50 человек
10/12/2010 22:57:43,,другой,6 лет,C#/.NET,78000 рублей,20000,6 месяцев,50 - 200 человек
10/12/2010 22:58:48,,Киев,3,C#/.NET,1500,400,8 months,больше 200 человек
10/12/2010 23:00:48,,Киев,8 лет,Objective-C,2500,500,1 месяц,больше 200 человек
10/12/2010 23:01:32,,Киев,6,PHP,3300,0,4,меньше 10 человек
10/12/2010 23:01:42,,Львов,3года,C#/.NET,1100,500,14мес,50 - 200 человек
10/12/2010 23:02:27,,Киев,7,C#/.NET,1750,250,2,больше 200 человек
10/12/2010 23:04:48,,другой,17,Java,1150,350,4,50 - 200 человек
10/12/2010 23:07:17,,другой,3 года 6 месяцев,Java,1800,700,2 месяца,10 - 50 человек
10/12/2010 23:08:01,,Харьков,11,C#/.NET,,500,36,больше 200 человек
10/12/2010 23:12:49,,Киев,3,C#/.NET,1500,350,3 месяца,10 - 50 человек
10/12/2010 23:13:38,,другой,7,C++,800,400,2,10 - 50 человек
10/12/2010 23:14:40,,Киев,5,QA/Testing,3000,500,1,больше 200 человек
10/12/2010 23:14:54,,другой,5,PHP,1800,600,1 год,10 - 50 человек
10/12/2010 23:18:13,,Львов,8,Python,900,1800,2 года,больше 200 человек
10/12/2010 23:19:00,,другой,6 месяцев,Java,375,300,3 месяца,10 - 50 человек
10/12/2010 23:24:16,,Киев,4,Java,1700,1700,1.5 лет,меньше 10 человек
10/12/2010 23:24:27,,Киев,5,C#/.NET,2300,400,0.5,больше 200 человек
10/12/2010 23:26:40,,Киев,3 года,C++,1000,500,3 года,50 - 200 человек
10/12/2010 23:30:46,,Харьков,"2,5 года",C#/.NET,1000,300,7 месяцев,50 - 200 человек
10/12/2010 23:39:04,,Киев,15,C#/.NET,2700,500,1,больше 200 человек
10/12/2010 23:41:41,,другой,30,C#/.NET,600,200,6,меньше 10 человек
10/12/2010 23:44:20,,Киев,5,C#/.NET,1800,500,10 месяцев,больше 200 человек
10/12/2010 23:50:58,,другой,3,C++,1200,0,3,больше 200 человек
10/13/2010 0:05:13,,другой,1.5,Python,820,300,1,меньше 10 человек
10/13/2010 0:18:45,,Харьков,4,PHP,500,1000,4,больше 200 человек
10/13/2010 0:24:38,,Киев,3,Java,1700,700,5 мес,меньше 10 человек
10/13/2010 0:29:19,,Харьков,4 года,QA/Testing,1200,800,2 года 8 месяцев,50 - 200 человек
10/13/2010 0:32:04,,Киев,3,PHP,1000,1400,1,10 - 50 человек
10/13/2010 0:43:18,,другой,1 year,C#/.NET,400,700,3 monthes,50 - 200 человек
10/13/2010 0:48:12,,Киев,3,PHP,600,200,2,10 - 50 человек
10/13/2010 1:01:41,,Киев,11,Project manager,3300,4000,5,10 - 50 человек
10/13/2010 1:09:03,,другой,1,PHP,500,500,1,10 - 50 человек
10/13/2010 1:22:38,,другой,1.5,PHP,800,700,1.5,меньше 10 человек
10/13/2010 1:29:02,,Львов,3,C#/.NET,1500,750,3,больше 200 человек
10/13/2010 1:32:40,,Киев,4,Java,2500,500,1,10 - 50 человек
10/13/2010 1:38:52,,Львов,1y3m,Java,1100,500,3m,10 - 50 человек
10/13/2010 2:00:24,,другой,5,C++,1400,2000,1,10 - 50 человек
10/13/2010 2:31:52,,другой,4,Objective-C,1600,2400,2,меньше 10 человек
10/13/2010 2:53:19,,Киев,5,Flex/Flash/AIR,1200,1000,1год,меньше 10 человек
10/13/2010 3:18:15,,другой,4,PHP,700,600,3,меньше 10 человек
10/13/2010 3:18:38,,другой,4,PHP,700,600,3,меньше 10 человек
10/13/2010 3:38:44,,другой,3,Embedded,2000,1000,3,больше 200 человек
10/13/2010 7:03:05,,Киев,4,QA/Testing,1400,500,3,больше 200 человек
10/13/2010 7:22:37,,Киев,1,QA/Testing,1500,500,6 месяцев,больше 200 человек
10/13/2010 7:48:01,,другой,6 лет,PHP,500,1000,3 года,10 - 50 человек
10/13/2010 8:00:38,,Харьков,2,C++,650,150,2,больше 200 человек
10/13/2010 8:09:50,,Киев,6,C#/.NET,1800,300,8 месяцев,меньше 10 человек
10/13/2010 8:31:52,,Киев,3г+,C#/.NET,2200,+500,11м,10 - 50 человек
10/13/2010 8:33:21,,Харьков,2.5,C#/.NET,800,200,2.5,больше 200 человек
10/13/2010 8:34:21,,Львов,2,C#/.NET,720,300,2,10 - 50 человек
10/13/2010 8:52:04,,другой,4,C#/.NET,1350,500,4 года,50 - 200 человек
10/13/2010 8:56:59,,Киев,1 год,PHP,6000 грн,2000 грн,8 месяцев,меньше 10 человек
10/13/2010 9:01:08,,Киев,4,QA/Testing,1300,700,1,больше 200 человек
10/13/2010 9:02:36,,Харьков,"1,5 лет",QA/Testing,5000uah,1500-2000 uah,1 год,50 - 200 человек
10/13/2010 9:05:11,,Киев,1 год,Java,300,200,2 месяца,50 - 200 человек
10/13/2010 9:09:11,,другой,2,PHP,1800,500,4,10 - 50 человек
10/13/2010 9:09:50,,Киев,2,PHP,900,300,1.5 года,меньше 10 человек
10/13/2010 9:12:46,,Киев,5 лет,Java,2800,3800,2 года,10 - 50 человек
10/13/2010 9:18:40,,Харьков,2 года,Java,1200,600,3 месяца,50 - 200 человек
10/13/2010 9:21:05,,Харьков,3,Java,1200,+500,3 месяца,больше 200 человек
10/13/2010 9:21:52,,Харьков,1 год,Java,650 евро,650 евро,1 год,50 - 200 человек
10/13/2010 9:26:41,,Киев,10,Oracle,2500,1000,4,больше 200 человек
10/13/2010 9:31:31,,Киев,7 лет,PHP,12000,4000,2 месяца,10 - 50 человек
10/13/2010 9:41:05,,Харьков,1,QA/Testing,5000,1500,0.5,50 - 200 человек
10/13/2010 9:41:26,,Львов,2,C#/.NET,1000,2000,1.5,10 - 50 человек
10/13/2010 9:42:05,,Киев,6,C#/.NET,3000,1500,4,50 - 200 человек
10/13/2010 9:45:00,,другой,10,Project manager,2200,3000,6,10 - 50 человек
10/13/2010 9:47:05,,другой,6,Java,100,0,4,больше 200 человек
10/13/2010 9:47:13,,Харьков,8,Java,1700,500,6 месяцев,10 - 50 человек
10/13/2010 9:59:50,,Львов,3 года,Embedded,800,400,3 года,больше 200 человек
10/13/2010 10:02:36,,Харьков,5,Java,1300,1800,6 месяцев,больше 200 человек
10/13/2010 10:13:12,,Львов,5,C#/.NET,5000,2000,3,больше 200 человек
10/13/2010 10:13:31,,Львов,5 років,Java,2300 USD,500 USD,4 місяці,больше 200 человек
10/13/2010 10:15:19,,Киев,10,C#/.NET,2500,500-1000,2 ujlf,больше 200 человек
10/13/2010 10:16:17,,Киев,17,Java,3400,500,2,больше 200 человек
10/13/2010 10:16:18,,другой,4 года,Java,2350,1000,1 год,50 - 200 человек
10/13/2010 10:16:22,,Киев,1,HTML/CSS/JavaScript,3500,2000,3 месяца,10 - 50 человек
10/13/2010 10:17:24,,другой,2 года,C#/.NET,400,200,1 год,10 - 50 человек
10/13/2010 10:20:21,,Киев,4,C#/.NET,1800,500,2,больше 200 человек
10/13/2010 10:22:24,,Киев,11 лет,Project manager,,+50%,2 года,меньше 10 человек
10/13/2010 10:23:02,,другой,6 years,C++,2000,400,3 years,больше 200 человек
10/13/2010 10:24:16,,Киев,6 месяцев,Java,800,200,2 месяца,50 - 200 человек
10/13/2010 10:30:12,,Харьков,9,C++,1250,500,2.5,10 - 50 человек
10/13/2010 10:33:36,,Киев,2,Python,1000,1500,1,10 - 50 человек
10/13/2010 10:33:47,,Киев,6,Oracle,2922,40-50%,3,больше 200 человек
10/13/2010 10:39:50,,другой,6 лет,PHP,50000 рублей,20000 рублей,3 месяца,10 - 50 человек
10/13/2010 10:44:32,,Киев,3,Java,2400,300,"0,4",больше 200 человек
10/13/2010 10:45:42,,Киев,6,PHP,1300,300,18 мес.,10 - 50 человек
10/13/2010 10:48:30,,другой,3,C#/.NET,,1500,3,10 - 50 человек
10/13/2010 10:49:22,,Львов,5.5,QA/Testing,1500,500,5.5,50 - 200 человек
10/13/2010 10:50:08,,Киев,12,C#/.NET,500,300,2,меньше 10 человек
10/13/2010 10:52:26,,другой,5,Java,900 евро,600 євро,4,10 - 50 человек
10/13/2010 11:04:32,,Львов,10,Project manager,1700,800,5,50 - 200 человек
10/13/2010 11:07:24,,Киев,15,HTML/CSS/JavaScript,900,0,5,меньше 10 человек
10/13/2010 11:09:46,,Киев,6,Embedded,2200,400,1,50 - 200 человек
10/13/2010 11:12:21,,другой,2 года,HTML/CSS/JavaScript,700,+ 800,5 месяцев,10 - 50 человек
10/13/2010 11:16:26,,Харьков,0,PHP,500,300,0,10 - 50 человек
10/13/2010 11:18:53,,другой,0.5,Java,300,100,0.5,меньше 10 человек
10/13/2010 11:19:58,,Харьков,3 года,Python,1200,600,3 месяца,10 - 50 человек
10/13/2010 11:35:09,,другой,3,Java,1300,700,"0,2",50 - 200 человек
10/13/2010 11:36:51,,Харьков,5,C#/.NET,2600,400,1,меньше 10 человек
10/13/2010 11:39:07,,Львов,3,C++,1200,0,2,больше 200 человек
10/13/2010 11:39:35,,Харьков,1 год,Java,580,300,0.5 года,10 - 50 человек
10/13/2010 11:41:19,,Харьков,2 года,C#/.NET,530,500,2 года,больше 200 человек
10/13/2010 11:43:13,,Львов,14,QA/Testing,,50%,2,больше 200 человек
10/13/2010 11:44:38,,Харьков,9 лет,QA/Testing,1700,400,1 год,50 - 200 человек
10/13/2010 11:46:59,,Киев,10,Project manager,2500,500,0.9 yrs,больше 200 человек
10/13/2010 11:51:44,,другой,4,PHP,1300,400,1,больше 200 человек
10/13/2010 11:58:53,,Львов,3 month,Java,300,300,3 month,больше 200 человек
10/13/2010 12:02:13,,другой,11,C++,1250,750,2,50 - 200 человек
10/13/2010 12:04:28,,Киев,5 лет,Project manager,1500,2500,8 месяцев,50 - 200 человек
10/13/2010 12:05:26,,Киев,3,C++,1250,-,3,10 - 50 человек
10/13/2010 12:07:14,,Киев,3,PHP,1000,200,1,меньше 10 человек
10/13/2010 12:08:33,,Львов,3,PHP,1700,500,3,50 - 200 человек
10/13/2010 12:09:33,,Киев,11 лет,C#/.NET,$2000,$1000,2 года,больше 200 человек
10/13/2010 12:10:45,,Киев,10 лет,PHP,14000грн,2-3к грн,10 месяцев,10 - 50 человек
10/13/2010 12:11:12,,Харьков,2,Project manager,1500 $,500 $,"0,5",больше 200 человек
10/13/2010 12:14:09,,Харьков,7,Project manager,1500,500,2 года,50 - 200 человек
10/13/2010 12:18:05,,Харьков,6,C#/.NET,1700,300,1,меньше 10 человек
10/13/2010 12:23:37,,Львов,8,Mobile,900,1000,1,10 - 50 человек
10/13/2010 12:29:46,,Львов,5,Embedded,,500,0.5,меньше 10 человек
10/13/2010 12:30:10,,Киев,6.5,C#/.NET,1400,0,6.5,10 - 50 человек
10/13/2010 12:35:27,,другой,4,PHP,2000 грн.,2000 грн.,1.5,10 - 50 человек
10/13/2010 12:38:29,,Киев,10,C++,2100,700,2,50 - 200 человек
10/13/2010 12:38:33,,Киев,5,Ruby/Rails,2500-3000,500,3 месяца,меньше 10 человек
10/13/2010 12:38:42,,другой,2,Flex/Flash/AIR,700,700,2,10 - 50 человек
10/13/2010 12:47:20,,Харьков,3,C#/.NET,11000 грн.,+4000 грн.,2,50 - 200 человек
10/13/2010 12:48:13,,Киев,10,C#/.NET,2100,15%,3,больше 200 человек
10/13/2010 12:48:30,,Харьков,3,C#/.NET,2000,500,0,больше 200 человек
10/13/2010 12:51:19,,Киев,10,C#/.NET,2400,500,4,10 - 50 человек
10/13/2010 13:00:17,,другой,3,Python,350,200,3,меньше 10 человек
10/13/2010 13:17:25,,Харьков,4,C#/.NET,1200,500,4,50 - 200 человек
10/13/2010 13:24:50,,Львов,10,QA/Testing,,20,10,больше 200 человек
10/13/2010 13:25:17,,Харьков,6,C++,1000,500,6,10 - 50 человек
10/13/2010 13:25:31,,другой,5,PHP,670,150,2,меньше 10 человек
10/13/2010 13:25:54,,Киев,5,C#/.NET,1800,400,1,меньше 10 человек
10/13/2010 13:27:04,,другой,4,PHP,1200,800,2,10 - 50 человек
10/13/2010 13:28:58,,другой,5,C#/.NET,,3000,1 месяц,50 - 200 человек
10/13/2010 13:29:55,,другой,6,C++,700,300,4 года,больше 200 человек
10/13/2010 13:32:41,,Киев,10,QA/Testing,,+ USD 700,3.5 года,больше 200 человек
10/13/2010 13:33:03,,Киев,3,C#/.NET,1000,500,1,10 - 50 человек
10/13/2010 13:33:37,,Харьков,5,QA/Testing,1450,200,2,50 - 200 человек
10/13/2010 13:34:33,,Львов,3,Java,1200,500,2,50 - 200 человек
10/13/2010 13:38:33,,другой,3,Python,780,500,3,больше 200 человек
10/13/2010 13:41:13,,Киев,7 месяцев,PHP,3000 грн.,+2000 грн.,7 месяцев,меньше 10 человек
10/13/2010 13:47:10,,другой,12,Oracle,607,600,2,больше 200 человек
10/13/2010 13:52:17,,Львов,3,Java,1700,400,3,50 - 200 человек
10/13/2010 14:05:10,,другой,3,C#/.NET,1270,500,2,больше 200 человек
10/13/2010 14:05:53,,другой,5,PHP,5000 грн,не менее +5000,7 мес,меньше 10 человек
10/13/2010 14:09:03,,Киев,4 года,Java,2800,700,2 месяца,больше 200 человек
10/13/2010 14:17:58,,Львов,3,Python,1300,700,1 год,больше 200 человек
10/13/2010 14:26:37,,Киев,5,C#/.NET,2200,600,2,больше 200 человек
10/13/2010 14:28:22,,Харьков,5,C#/.NET,2500,400,3,больше 200 человек
10/13/2010 14:30:01,,другой,3,C#/.NET,1200,1000,3,50 - 200 человек
10/13/2010 14:32:24,,Киев,1,C++,870,250,0.5,10 - 50 человек
10/13/2010 14:32:24,,Киев,2,Embedded,1100,300,1,больше 200 человек
10/13/2010 14:33:59,,Киев,5,Project manager,1750 USD,600 USD,7 мес,10 - 50 человек
10/13/2010 14:41:28,,Киев,10,Java,3000,1000,1,меньше 10 человек
10/13/2010 14:43:30,,Киев,10,Project manager,3300,200,1,50 - 200 человек
10/13/2010 14:47:32,,Харьков,10 лет,C#/.NET,2000,300,2 года,50 - 200 человек
10/13/2010 14:47:48,,Киев,15 лет,C#/.NET,$2100,$500,12 мес.,больше 200 человек
10/13/2010 14:49:00,,Киев,11,Java,2000,1,10,больше 200 человек
10/13/2010 15:03:54,,Львов,3,Flex/Flash/AIR,800,400,0.25,10 - 50 человек
10/13/2010 15:05:15,,Киев,8,C#/.NET,,400,5,больше 200 человек
10/13/2010 15:05:59,,Львов,3,QA/Testing,1400,400,3,больше 200 человек
10/13/2010 15:07:56,,Киев,3,Java,1900,600,3,больше 200 человек
10/13/2010 15:08:22,,Киев,10,C#/.NET,1500,2000,6,больше 200 человек
10/13/2010 15:10:18,,Львов,4,Ruby/Rails,650,500,3,меньше 10 человек
10/13/2010 15:12:40,,Киев,5,C#/.NET,1800,300,1,больше 200 человек
10/13/2010 15:16:47,,Киев,6,Java,3000,100,1,больше 200 человек
10/13/2010 15:20:36,,Киев,6 лет,Java,2700,3000,5 месяцев,больше 200 человек
10/13/2010 15:21:05,,Киев,10,C#/.NET,3200,400,3,меньше 10 человек
10/13/2010 15:25:46,,Киев,12,Oracle,1750,400,2 года,больше 200 человек
10/13/2010 15:25:59,,другой,3,C#/.NET,1250,250,3,50 - 200 человек
10/13/2010 15:29:08,,Харьков,2 года,PHP,600 $,+200$,2 года,меньше 10 человек
10/13/2010 15:51:20,,Киев,3,C#/.NET,1000,400,5 мес,10 - 50 человек
10/13/2010 16:03:43,,Киев,3.5,QA/Testing,1200,300,1,больше 200 человек
10/13/2010 16:06:29,,Киев,5,Java,2300,500,3,10 - 50 человек
10/13/2010 16:16:45,,Харьков,3,C#/.NET,1000,500,2,10 - 50 человек
10/13/2010 16:16:51,,другой,5,Gamedev,1500,1000,3,меньше 10 человек
10/13/2010 16:27:15,,Киев,14 лет,C#/.NET,,500+,2 года,больше 200 человек
10/13/2010 16:38:28,,Киев,7,QA/Testing,2000,800,5,больше 200 человек
10/13/2010 16:39:47,,Киев,10,Flex/Flash/AIR,680,400,10,10 - 50 человек
10/13/2010 16:46:23,,Киев,"1,5 лет",Java,1800,500,2 года,50 - 200 человек
10/13/2010 16:55:39,,Киев,9,C#/.NET,1900,600,2m,больше 200 человек
10/13/2010 16:58:57,,Харьков,4.5 года,C++,1200,400,3.5 года,10 - 50 человек
10/13/2010 17:00:10,,Киев,11,PHP,2500,500,5,меньше 10 человек
10/13/2010 17:12:28,,Киев,10 лет,C++,2530,4000,3.5 года,больше 200 человек
10/13/2010 17:23:40,,Харьков,3,C#/.NET,2000,700,3,10 - 50 человек
10/13/2010 17:27:21,,Львов,6,C#/.NET,2600,600,1 month,50 - 200 человек
10/13/2010 17:27:57,,Харьков,4,Gamedev,1500,1000,1.5,50 - 200 человек
10/13/2010 17:29:10,,другой,4,C++,1500,500,4,10 - 50 человек
10/13/2010 17:29:19,,Киев,3 года,Flex/Flash/AIR,1700,300,1 год,10 - 50 человек
10/13/2010 17:30:49,,другой,7,C#/.NET,1000,1500,2,10 - 50 человек
10/13/2010 17:32:55,,другой,6,Embedded,24000 SEK,8000 SEK,3 года,10 - 50 человек
10/13/2010 17:33:53,,Киев,9,C++,3500,5000,5,больше 200 человек
10/13/2010 17:35:38,,другой,1,C++,400,400,3 месяца,10 - 50 человек
10/13/2010 17:39:39,,Киев,2,C#/.NET,1500,300,1,10 - 50 человек
10/13/2010 17:43:06,,другой,7,Mobile,30к рублей,5к рублей,1,больше 200 человек
10/13/2010 17:45:46,,Львов,3+,QA/Testing,800,200,3,больше 200 человек
10/13/2010 17:52:07,,Львов,8,Flex/Flash/AIR,1950,300,1,50 - 200 человек
10/13/2010 18:03:16,,Киев,4,PHP,1800,700 USD,1 год,больше 200 человек
10/13/2010 18:20:39,,Киев,8,C#/.NET,2500,9999999999,4,больше 200 человек
10/13/2010 18:24:40,,другой,5,Java,1500,-100,1 год,50 - 200 человек
10/13/2010 18:25:54,,Киев,3,Embedded,950,500,1.5,10 - 50 человек
10/13/2010 18:37:47,,Киев,4,Java,1900,600,1,50 - 200 человек
10/13/2010 18:42:11,,Киев,3,QA/Testing,2000,500,2,10 - 50 человек
10/13/2010 18:43:18,,другой,8,Java,1200,2000,4,меньше 10 человек
10/13/2010 18:47:37,,Киев,3,Java,2300,2700,1 месяц,больше 200 человек
10/13/2010 18:56:24,,Киев,5,Java,2000,500,5,больше 200 человек
10/13/2010 19:15:01,,Киев,7 лет,PHP,10000 UAH,50%,20 месяцев,50 - 200 человек
10/13/2010 19:18:40,,Львов,5 років,Java,1200,500,4 роки,больше 200 человек
10/13/2010 19:19:00,,Киев,"2,5 ktn",C#/.NET,850,400,14 месяцев,10 - 50 человек
10/13/2010 19:31:55,,Киев,15,Project manager,1500,3500,3,меньше 10 человек
10/13/2010 20:18:52,,другой,6 лет,Java,1800 USD,1000 USD,4 года,10 - 50 человек
10/13/2010 20:25:34,,другой,6 лет,Java,1000,1500,6 месяцев,50 - 200 человек
10/13/2010 20:36:32,,Харьков,5,Java,2000,1500,"3,5",50 - 200 человек
10/13/2010 20:47:45,,Киев,9,Java,3500,400,6 месяцев,больше 200 человек
10/13/2010 20:51:51,,Львов,13,Embedded,2000,200,4,50 - 200 человек
10/13/2010 20:52:34,,Харьков,2,Java,1300,1000,"1,5",50 - 200 человек
10/13/2010 21:00:08,,Киев,4,Java,,500,1,больше 200 человек
10/13/2010 21:30:06,,Львов,5,Java,2800,600,2 місяці,больше 200 человек
10/13/2010 21:37:49,,другой,13,C#/.NET,2000,1000,4,меньше 10 человек
10/13/2010 21:42:13,,Киев,5,Python,10000 грн,никакой,4 месяца,меньше 10 человек
10/13/2010 21:54:09,,Киев,15 лет,Embedded,4000,2000,14 месяцев,больше 200 человек
10/13/2010 21:56:36,,Харьков,2,Oracle,350,120,2,меньше 10 человек
10/13/2010 21:57:30,,Киев,10,C#/.NET,fuck you max,suck my dick,5,меньше 10 человек
10/13/2010 22:03:27,,Киев,8,Java,750,0,2.5,50 - 200 человек
10/13/2010 22:05:59,,Киев,3,C#/.NET,1500,200,2,больше 200 человек
10/13/2010 22:18:26,,другой,2,PHP,560,400,1,меньше 10 человек
10/13/2010 22:51:12,,другой,5,C++,600,2000,2,меньше 10 человек
10/13/2010 23:04:50,,другой,1,PHP,425,250,1,меньше 10 человек
10/13/2010 23:12:53,,Киев,11 месяцев,Objective-C,4000грн,+4000грн,1 неделя,10 - 50 человек
10/13/2010 23:18:12,,Киев,1 год,Embedded,3300 UAH,800 USD,4 месяца,больше 200 человек
10/13/2010 23:18:25,,Киев,"2,5",C#/.NET,1600,1000,2,больше 200 человек
10/13/2010 23:22:28,,другой,полгода,PHP,2000,4000,полгода,10 - 50 человек
10/13/2010 23:23:06,,Харьков,3,PHP,700,900,6 месяцев,50 - 200 человек
10/13/2010 23:25:50,,Львов,1,PHP,800,300,0.5,10 - 50 человек
10/13/2010 23:32:32,,другой,4 года,QA/Testing,850,350,9 мес,50 - 200 человек
10/13/2010 23:43:19,,Харьков,три месяца,Ruby/Rails,350,350,три месяца,10 - 50 человек
10/13/2010 23:45:47,,Киев,3,C#/.NET,1000,1000,1,меньше 10 человек
10/13/2010 23:47:14,,Киев,6 лет,Java,2600,200,2 месяца,10 - 50 человек
10/14/2010 0:05:26,,Киев,4,C++,1600,600,1,меньше 10 человек
10/14/2010 0:35:56,,Киев,5,Objective-C,1500,500,3,больше 200 человек
10/14/2010 0:44:22,,другой,5,C#/.NET,1500,500,6мес,меньше 10 человек
10/14/2010 0:48:40,,другой,4,C#/.NET,1200,1600,4 месяца,меньше 10 человек
10/14/2010 1:06:11,,Львов,7,Embedded,1900,2300,5,50 - 200 человек
10/14/2010 2:19:10,,Харьков,"2,5",Flex/Flash/AIR,600,700,"2,5 года",больше 200 человек
10/14/2010 2:33:11,,другой,4,PHP,1000,500,5мес,10 - 50 человек
10/14/2010 5:23:38,,Киев,13 лет,Java,2000,1000,6 месяцев,50 - 200 человек
10/14/2010 8:09:21,,другой,4 года,HTML/CSS/JavaScript,$1000,50%,1.5 года,10 - 50 человек
10/14/2010 8:36:03,,Харьков,4,Project manager,1700,700,"2,5",10 - 50 человек
10/14/2010 8:38:00,,Киев,7,C#/.NET,950,1000,7,меньше 10 человек
10/14/2010 8:45:51,,Киев,3,Java,1000,300,7,50 - 200 человек
10/14/2010 8:49:58,,Киев,7,Project manager,2000,2750,5,больше 200 человек
10/14/2010 8:54:25,,Харьков,2,PHP,750,400,2,10 - 50 человек
10/14/2010 9:10:51,,Киев,3,C++,USD,400,3,больше 200 человек
10/14/2010 9:21:16,,Киев,12 лет,C#/.NET,2000,500,8 лет,больше 200 человек
10/14/2010 9:25:46,,Киев,7,Java,2300,700,2,больше 200 человек
10/14/2010 9:36:39,,Львов,10,C++,100 $,200 $,9,меньше 10 человек
10/14/2010 9:50:16,,Львов,4,C#/.NET,1900,500,1,10 - 50 человек
10/14/2010 10:01:48,,Киев,6,QA/Testing,2000,500,5 лет,10 - 50 человек
10/14/2010 10:30:06,,Киев,3,Java,,500,3 мес,больше 200 человек
10/14/2010 10:32:42,,Харьков,2,Java,1200,300,1 месяц,50 - 200 человек
10/14/2010 10:39:24,,другой,10,Java,2000,300,5,меньше 10 человек
10/14/2010 10:50:37,,Киев,3,Java,1700,500,2,меньше 10 человек
10/14/2010 10:53:45,,другой,2,QA/Testing,1000,500,"0,5",больше 200 человек
10/14/2010 11:04:05,,Киев,3,Objective-C,,0 ) вот если бы другая страна :),1.5,10 - 50 человек
10/14/2010 11:07:11,,Киев,14,PHP,1000,1000,10,10 - 50 человек
10/14/2010 11:12:00,,другой,"3,5 года",C#/.NET,2500,не собираюсь переходить,"3,5 года",50 - 200 человек
10/14/2010 11:14:04,,Киев,7 лет,Java,3000,4000,6 месяцев,больше 200 человек
10/14/2010 11:25:57,,Киев,4,C#/.NET,1500,500,5 месяцев,больше 200 человек
10/14/2010 11:37:28,,Харьков,5,PHP,1100,600-800,6 месяцев,10 - 50 человек
10/14/2010 11:43:58,,Киев,5,QA/Testing,2500,1000,2,50 - 200 человек
10/14/2010 11:48:57,,другой,5,C++,1600,160,5,50 - 200 человек
10/14/2010 11:58:53,,Харьков,8,C#/.NET,,500,4,50 - 200 человек
10/14/2010 12:13:06,,Киев,10 лет,Ruby/Rails,2750,500,3 года,10 - 50 человек
10/14/2010 12:20:56,,Львов,3,C#/.NET,1400,300,3,больше 200 человек
10/14/2010 12:34:03,,Львов,5,Python,600,400,3,меньше 10 человек
10/14/2010 12:42:13,,Киев,2.5,Java,1900,1000,2 month,больше 200 человек
10/14/2010 12:50:08,,Киев,5,Python,1500,2000,2 місяці,10 - 50 человек
10/14/2010 13:05:19,,Львов,3,Java,2000,2600,3,50 - 200 человек
10/14/2010 13:09:28,,другой,5,Ruby/Rails,3000,1500,1,50 - 200 человек
10/14/2010 13:18:01,,Киев,9,Project manager,2100,500,6,больше 200 человек
10/14/2010 13:37:31,,другой,3,HTML/CSS/JavaScript,250,250,2,меньше 10 человек
10/14/2010 13:38:28,,Киев,11,Project manager,1500,500,3 мес,10 - 50 человек
10/14/2010 13:39:22,,другой,4,Java,UAH,2000,2,10 - 50 человек
10/14/2010 13:42:17,,Киев,6 лет,C#/.NET,2200,500,3 года,меньше 10 человек
10/14/2010 13:43:34,,Киев,4,C#/.NET,2500,1500,"0,5",10 - 50 человек
10/14/2010 14:01:34,,другой,4,C#/.NET,1600,400,14,10 - 50 человек
10/14/2010 14:09:34,,Харьков,1,Project manager,700,700,2,больше 200 человек
10/14/2010 14:10:39,,Киев,3 года,Ruby/Rails,1500,25%+,1 месяц,10 - 50 человек
10/14/2010 14:16:57,,Киев,11,Project manager,2700,800,26 месяцев,больше 200 человек
10/14/2010 14:20:18,,другой,14,Ruby/Rails,1500,500,2ujlf,меньше 10 человек
10/14/2010 14:27:30,,Киев,6,C#/.NET,,1,1,50 - 200 человек
10/14/2010 14:33:13,,Киев,7,Java,2500,300,1,больше 200 человек
10/14/2010 14:33:22,,Киев,7,PHP,1600,1000,1 год,меньше 10 человек
10/14/2010 14:43:02,,другой,4,C#/.NET,1100,500,3,больше 200 человек
10/14/2010 14:49:53,,Харьков,4,C#/.NET,800,100,4,10 - 50 человек
10/14/2010 14:54:29,,Киев,4,C++,900,500,2года,10 - 50 человек
10/14/2010 14:54:38,,Львов,14,Project manager,2000,+75%,14,больше 200 человек
10/14/2010 14:58:46,,Киев,5,C++,2500,3500,4,10 - 50 человек
10/14/2010 15:06:55,,другой,3,PHP,850,500,3,10 - 50 человек
10/14/2010 15:07:58,,другой,2 года,Java,300,250,8 месяцев,меньше 10 человек
10/14/2010 15:33:39,,другой,8,C++,1500,1500,5,10 - 50 человек
10/14/2010 15:40:33,,Киев,3 месяца,PHP,4500грн,+2000,3 месяца,10 - 50 человек
10/14/2010 15:45:24,,Харьков,1 год,PHP,700,200,4 месяца,меньше 10 человек
10/14/2010 16:00:09,,Киев,3,Gamedev,800,900,4,50 - 200 человек
10/14/2010 16:00:56,,другой,6,Project manager,1600,1600,3,10 - 50 человек
10/14/2010 16:03:47,,другой,5,Java,1400,1000,5,10 - 50 человек
10/14/2010 16:07:17,,Харьков,4,Java,1800,500,3 месяца,меньше 10 человек
10/14/2010 16:10:42,,Харьков,5,Java,1000,0,3,больше 200 человек
10/14/2010 16:15:44,,Киев,4 года,Embedded,2300,300,1 год,больше 200 человек
10/14/2010 16:18:09,,другой,6 лет,C#/.NET,2500,1000,"1,5 года",меньше 10 человек
10/14/2010 16:22:45,,Харьков,6,C#/.NET,1500,400,4.5,больше 200 человек
10/14/2010 16:24:16,,Киев,2 года,Embedded,800,50%,9 месяцев,меньше 10 человек
10/14/2010 16:26:43,,Киев,5,C#/.NET,2600,400,3,10 - 50 человек
10/14/2010 16:31:00,,Львов,2.5,Java,,300,4 міс,больше 200 человек
10/14/2010 16:32:05,,Киев,4 года,Oracle,1500,500,3 года,50 - 200 человек
10/14/2010 16:37:52,,Киев,4,Java,700,700,6 месяцев,больше 200 человек
10/14/2010 16:39:30,,Киев,3 years,QA/Testing,,500,1 year,больше 200 человек
10/14/2010 16:51:25,,Харьков,6,Project manager,3500,1500,3,больше 200 человек
10/14/2010 16:55:35,,Киев,-,C#/.NET,,-,-,меньше 10 человек
10/14/2010 16:55:40,,Львов,3.5,C#/.NET,,500,1.2,больше 200 человек
10/14/2010 16:57:56,,Харьков,3,C#/.NET,950,550,1,10 - 50 человек
10/14/2010 17:00:00,,Львов,6,Java,2000,400,2 month,больше 200 человек
10/14/2010 17:00:59,,Киев,10 лет,Project manager,2000,500,2 года,меньше 10 человек
10/14/2010 17:19:56,,Киев,12,Embedded,2000,400,1,больше 200 человек
10/14/2010 17:34:50,,другой,5.5,Objective-C,2400,500,1,больше 200 человек
10/14/2010 17:51:15,,Киев,12,C#/.NET,2500,1000,3,больше 200 человек
10/14/2010 17:57:38,,другой,3 month,C#/.NET,630USD,250,3 month,больше 200 человек
10/14/2010 18:02:46,,Львов,10,C++,3000,500,1,50 - 200 человек
10/14/2010 18:15:52,,Киев,1 год,C++,1600,400,1 год,50 - 200 человек
10/14/2010 18:18:19,,Киев,5,C++,2400,500,1м,больше 200 человек
10/14/2010 18:38:10,,Киев,7,HTML/CSS/JavaScript,1600,400,2,10 - 50 человек
10/14/2010 18:59:33,,Харьков,3,Project manager,2000,500,1,50 - 200 человек
10/14/2010 19:00:20,,Киев,12,Project manager,,5000,6,50 - 200 человек
10/14/2010 20:36:48,,Харьков,4,Project manager,2000,1000,3,больше 200 человек
10/14/2010 20:44:13,,Киев,3 года,C++,1500,1000,4 месяца,больше 200 человек
10/14/2010 21:11:02,,Киев,3,C++,600,0,1,меньше 10 человек
10/14/2010 21:30:09,,Львов,8,Java,4500,5000,5,больше 200 человек
10/14/2010 22:18:28,,Киев,1,PHP,440,200,1,меньше 10 человек
10/14/2010 23:03:51,,Киев,1 год,Objective-C,1000,500 USD,1 год,больше 200 человек
10/14/2010 23:10:50,,Киев,6,Project manager,2750,5000,6,больше 200 человек
10/14/2010 23:15:50,,Харьков,5 лет,C#/.NET,2000,500,3 года,10 - 50 человек
10/14/2010 23:33:43,,Киев,2 года,C#/.NET,800,1500,1 год,10 - 50 человек
10/14/2010 23:35:30,,Киев,1год 5 месяцев,PHP,6000грн,2000грн,11 месяцев,10 - 50 человек
10/14/2010 23:43:10,,Киев,6 лет,C++,2500,500,5 лет,10 - 50 человек
10/14/2010 23:44:15,,Киев,0.5,QA/Testing,500,0,0.5,10 - 50 человек
10/14/2010 23:44:39,,другой,7,Ruby/Rails,$6300,$1500,2,меньше 10 человек
10/14/2010 23:47:01,,Киев,7,C#/.NET,2600,800,1 месяц,больше 200 человек
10/14/2010 23:47:12,,Харьков,2.5 года,Java,1100,+400,1 год,больше 200 человек
10/14/2010 23:53:31,,другой,8 лет,Oracle,3000,800,2 года,больше 200 человек
10/15/2010 1:32:50,,Киев,6 лет,Java,1600,900,"3,5 года",больше 200 человек
10/15/2010 5:43:22,,Киев,5,C#/.NET,1400,300,3 месяца,10 - 50 человек
10/15/2010 8:47:01,,Киев,4,PHP,1600,200,6,10 - 50 человек
10/15/2010 9:09:54,,другой,1 год,Objective-C,20000 руб.,10000,1 год,10 - 50 человек
10/15/2010 9:18:50,,Львов,7 лет,Project manager,3000,700,3 года,больше 200 человек
10/15/2010 9:25:24,,другой,5,Java,1500,200,5,больше 200 человек
10/15/2010 9:44:10,,Киев,1 год,PHP,6500 грн,200 $,1 год,меньше 10 человек
10/15/2010 9:49:27,,Киев,3,Oracle,5500 грн,2000,1,меньше 10 человек
10/15/2010 9:53:21,,Киев,5 лет,C#/.NET,2400 USD,600,1.5 года,больше 200 человек
10/15/2010 10:02:50,,Киев,3,C#/.NET,1600,1000,5 месяцев,больше 200 человек
10/15/2010 10:03:50,,Киев,7,Python,2350,+700,1,10 - 50 человек
10/15/2010 10:06:14,,Киев,10,Flex/Flash/AIR,3000,2000,7,10 - 50 человек
10/15/2010 10:21:33,,Львов,3,PHP,1200,800,1,50 - 200 человек
10/15/2010 10:37:43,,Львов,4,QA/Testing,1000,1000,4,больше 200 человек
10/15/2010 11:20:27,,Львов,12,Oracle,,550,5,больше 200 человек
10/15/2010 11:28:49,,Киев,3,PHP,950,500,7 месяцев,больше 200 человек
10/15/2010 11:33:58,,Киев,3,Java,1100,500,1,больше 200 человек
10/15/2010 11:48:55,,Львов,15,Project manager,3000,10000,7,больше 200 человек
10/15/2010 11:54:09,,Львов,10 років,Python,1500,400,3 роки,больше 200 человек
10/15/2010 11:54:31,,Киев,8 лет,C#/.NET,2500,2000,1 год,больше 200 человек
10/15/2010 11:54:47,,Киев,"3,5 года",C#/.NET,1500,700 $,1 год,10 - 50 человек
10/15/2010 12:01:59,,Киев,4 года,Project manager,10000 гривен,5000 гривен ,4 месяца,меньше 10 человек
10/15/2010 12:24:11,,Киев,1,Java,750,200-1000,0,больше 200 человек
10/15/2010 12:32:17,,Львов,3,C++,900,300,8 мес,больше 200 человек
10/15/2010 12:48:34,,Киев,5,Java,,700,2,больше 200 человек
10/15/2010 13:00:56,,другой,6,C++,18000,1000,6,больше 200 человек
10/15/2010 13:32:35,,Киев,2,C++,1000,500,1,10 - 50 человек
10/15/2010 13:33:47,,Киев,3,HTML/CSS/JavaScript,1200,600,0.5,50 - 200 человек
10/15/2010 14:01:27,,Харьков,5,C#/.NET,1800,300,1,10 - 50 человек
10/15/2010 14:06:33,,Харьков,4 года,PHP,,+600$,1 год,меньше 10 человек
10/15/2010 14:12:56,,Харьков,"2,5 года",Java,1200,300,2,50 - 200 человек
10/15/2010 14:13:30,,другой,2,C++,1600,1000,1,50 - 200 человек
10/15/2010 14:25:38,,другой,6,Java,2000,3000,3,больше 200 человек
10/15/2010 14:27:58,,Киев,10,Oracle,,2000,1,10 - 50 человек
10/15/2010 14:40:06,,Харьков,6,C++,,2500,4,50 - 200 человек
10/15/2010 14:54:42,,Киев,6,QA/Testing,1500,400,2,больше 200 человек
10/15/2010 15:02:44,,Киев,13 лет,Project manager,2600,400,20 месяцев,50 - 200 человек
10/15/2010 15:03:56,,Киев,9,Java,3000USD,500USD,5,10 - 50 человек
10/15/2010 15:08:38,,Киев,15,C#/.NET,3000,500,1,больше 200 человек
10/15/2010 15:15:28,,другой,"4,5",Java,2300,500,"2,5",больше 200 человек
10/15/2010 15:25:50,,другой,7,Java,1700,200,3,больше 200 человек
10/15/2010 15:27:53,,другой,3,C++,2800,700,3,больше 200 человек
10/15/2010 15:30:08,,другой,1 год,PHP,1390 грн,2000 грн,6 месяцев,меньше 10 человек
10/15/2010 15:40:42,,другой,6,C#/.NET,1500,500,1,меньше 10 человек
10/15/2010 15:55:15,,Харьков,3,C#/.NET,1700,300,1,10 - 50 человек
10/15/2010 15:55:32,,Киев,4,PHP,6000,2000,3,10 - 50 человек
10/15/2010 16:53:37,,Киев,7,C#/.NET,1400,500,2,50 - 200 человек
10/15/2010 17:03:58,,Харьков,5,C#/.NET,2000,500,1,50 - 200 человек
10/15/2010 17:14:22,,Львов,10 лет,C#/.NET,1800,300+,"3,5 года",больше 200 человек
10/15/2010 17:54:59,,Львов,7,C++,2600,400,5,больше 200 человек
10/15/2010 17:55:09,,Киев,4,QA/Testing,2200,500,1.5 года,50 - 200 человек
10/15/2010 17:57:27,,Харьков,7,QA/Testing,2100,700,2,больше 200 человек
10/15/2010 18:29:35,,Харьков,5,Project manager,2500,3000,2.5,50 - 200 человек
10/15/2010 18:31:51,,другой,3,Oracle,400,400,2,50 - 200 человек
10/15/2010 18:47:45,,Киев,7 лет,PHP,1500,500,"1 год, 3 месяца",50 - 200 человек
10/15/2010 19:01:25,,Киев,10,C#/.NET,2800,400,1,больше 200 человек
10/15/2010 19:09:13,,Киев,9,C#/.NET,2000,400,4 месяца,меньше 10 человек
10/15/2010 19:16:26,,другой,1 год,Java,2500,1000,9 месяцев,10 - 50 человек
10/15/2010 19:33:48,,Харьков,3 года,C#/.NET,,400,6 месяцев,10 - 50 человек
10/15/2010 19:34:14,,Харьков,"3,5",QA/Testing,700,200,2.5,50 - 200 человек
10/15/2010 19:40:00,,Львов,5,HTML/CSS/JavaScript,1200,800,1 мес,больше 200 человек
10/15/2010 20:05:17,,Киев,5,QA/Testing,22000,8000,1,50 - 200 человек
10/15/2010 20:54:40,,Киев,1,C#/.NET,,1,1,меньше 10 человек
10/15/2010 21:25:36,,другой,"3,5",Python,350,200,"3,5",меньше 10 человек
10/15/2010 21:34:25,,Харьков,2,Python,1200,0,1,меньше 10 человек
10/15/2010 22:05:01,,Харьков,8 лет,C#/.NET,1900,400,5,больше 200 человек
10/15/2010 22:18:49,,Львов,6,Java,2200,3200,4,больше 200 человек
10/15/2010 23:03:19,,Киев,13,C#/.NET,2800,200,12,50 - 200 человек
10/15/2010 23:39:26,,Львов,5,HTML/CSS/JavaScript,2000,500,1,50 - 200 человек
10/16/2010 0:25:53,,другой,20,Java,2000,1000,5,больше 200 человек
10/16/2010 0:32:34,,Киев,1 год,C#/.NET,7000 грн,2000 грн,6 месяцев,10 - 50 человек
10/16/2010 0:55:14,,другой,7,Oracle,800,300,2,больше 200 человек
10/16/2010 1:26:30,,Киев,1,C#/.NET,1200,500,0.2,больше 200 человек
10/16/2010 3:48:31,,Львов,4,Embedded,1500,1000,2,10 - 50 человек
10/16/2010 9:42:44,,Харьков,5,C++,500,10000,1,меньше 10 человек
10/16/2010 9:47:45,,Киев,4,Java,2300,500,2,10 - 50 человек
10/16/2010 10:37:15,,другой,1 год,C#/.NET,$400,+100,4 месяца,меньше 10 человек
10/16/2010 11:16:34,,другой,6,PHP,1100,60%,3 месяца,50 - 200 человек